[{"_allAttributes":null,"_properties":null,"_methods":null,"file":"d:/JAVA/PaypalApp/force-app/main/default/lwc/paypalApp/paypalApp.js","metadata":{"decorators":[{"type":"api","targets":[{"type":"property","name":"getaccid","value":{"type":"unresolved"}},{"type":"property","name":"getaccBalance","value":{"type":"unresolved"}},{"type":"property","name":"datetime","value":{"type":"unresolved"}},{"type":"property","name":"getaccName","value":{"type":"unresolved"}},{"type":"property","name":"getWalletUserid","value":{"type":"unresolved"}},{"type":"property","name":"sendUser","value":{"type":"unresolved"}}]},{"type":"wire","targets":[{"name":"wiredwallet","adapter":{"name":"fetchWallet","reference":"@salesforce/apex/paypalDataController.fetchWallet"},"type":"method"}]},{"type":"track","targets":[{"name":"showAdminView","type":"property"},{"name":"showUserView","type":"property"},{"name":"walletcolumns","type":"property"},{"name":"wallet2columns","type":"property"},{"name":"error","type":"property"},{"name":"walletList","type":"property"},{"name":"showSeeBalance","type":"property"},{"name":"users","type":"property"},{"name":"moneytosend","type":"property"},{"name":"sendmoney","type":"property"},{"name":"isModalOpen","type":"property"},{"name":"showEditModal","type":"property"}]}],"declarationLoc":{"start":{"line":9,"column":0},"end":{"line":302,"column":1}},"classMembers":[{"type":"property","name":"showAdminView","loc":{"start":{"line":15,"column":0},"end":{"line":15,"column":29}},"decorator":"track"},{"type":"property","name":"showUserView","loc":{"start":{"line":16,"column":0},"end":{"line":16,"column":28}},"decorator":"track"},{"type":"method","name":"handleUser","loc":{"start":{"line":17,"column":0},"end":{"line":38,"column":10}}},{"type":"method","name":"connectedCallback","loc":{"start":{"line":40,"column":0},"end":{"line":42,"column":1}}},{"type":"property","name":"walletcolumns","loc":{"start":{"line":50,"column":4},"end":{"line":62,"column":10}},"decorator":"track"},{"type":"property","name":"wallet2columns","loc":{"start":{"line":64,"column":8},"end":{"line":86,"column":14}},"decorator":"track"},{"type":"property","name":"error","loc":{"start":{"line":87,"column":8},"end":{"line":87,"column":21}},"decorator":"track"},{"type":"property","name":"walletList","loc":{"start":{"line":88,"column":8},"end":{"line":88,"column":26}},"decorator":"track"},{"type":"method","name":"wiredwallet","loc":{"start":{"line":89,"column":8},"end":{"line":105,"column":9}},"decorator":"wire"},{"type":"property","name":"getaccid","loc":{"start":{"line":108,"column":9},"end":{"line":108,"column":23}},"decorator":"api","value":{"type":"unresolved"}},{"type":"property","name":"getaccBalance","loc":{"start":{"line":109,"column":9},"end":{"line":109,"column":28}},"decorator":"api","value":{"type":"unresolved"}},{"type":"property","name":"datetime","loc":{"start":{"line":110,"column":9},"end":{"line":110,"column":23}},"decorator":"api","value":{"type":"unresolved"}},{"type":"property","name":"getaccName","loc":{"start":{"line":111,"column":9},"end":{"line":111,"column":25}},"decorator":"api","value":{"type":"unresolved"}},{"type":"property","name":"getWalletUserid","loc":{"start":{"line":112,"column":9},"end":{"line":112,"column":30}},"decorator":"api","value":{"type":"unresolved"}},{"type":"property","name":"showSeeBalance","loc":{"start":{"line":114,"column":9},"end":{"line":114,"column":39}},"decorator":"track"},{"type":"method","name":"getSelectedName","loc":{"start":{"line":115,"column":8},"end":{"line":133,"column":9}}},{"type":"method","name":"showToastBalance","loc":{"start":{"line":138,"column":4},"end":{"line":146,"column":5}}},{"type":"property","name":"searchKey","loc":{"start":{"line":152,"column":4},"end":{"line":152,"column":14}}},{"type":"property","name":"users","loc":{"start":{"line":153,"column":3},"end":{"line":153,"column":16}},"decorator":"track"},{"type":"method","name":"handelSearchKey","loc":{"start":{"line":155,"column":4},"end":{"line":157,"column":5}}},{"type":"method","name":"SearchAccountHandler","loc":{"start":{"line":160,"column":4},"end":{"line":170,"column":5}}},{"type":"property","name":"cols","loc":{"start":{"line":171,"column":4},"end":{"line":175,"column":5}}},{"type":"property","name":"sendUser","loc":{"start":{"line":180,"column":4},"end":{"line":180,"column":18}},"decorator":"api","value":{"type":"unresolved"}},{"type":"property","name":"handleRowSelection","loc":{"start":{"line":181,"column":4},"end":{"line":207,"column":1}}},{"type":"property","name":"moneytosend","loc":{"start":{"line":212,"column":8},"end":{"line":212,"column":27}},"decorator":"track"},{"type":"property","name":"sendmoney","loc":{"start":{"line":213,"column":8},"end":{"line":213,"column":25}},"decorator":"track"},{"type":"method","name":"detectSameInfo","loc":{"start":{"line":215,"column":8},"end":{"line":227,"column":6}}},{"type":"method","name":"showToast","loc":{"start":{"line":230,"column":8},"end":{"line":239,"column":9}}},{"type":"method","name":"showToastError","loc":{"start":{"line":241,"column":8},"end":{"line":249,"column":9}}},{"type":"property","name":"isModalOpen","loc":{"start":{"line":256,"column":4},"end":{"line":256,"column":31}},"decorator":"track"},{"type":"method","name":"openModal","loc":{"start":{"line":257,"column":4},"end":{"line":259,"column":5}}},{"type":"method","name":"closeModal","loc":{"start":{"line":260,"column":4},"end":{"line":262,"column":5}}},{"type":"method","name":"submitDetails","loc":{"start":{"line":266,"column":4},"end":{"line":269,"column":5}}},{"type":"property","name":"showPals","loc":{"start":{"line":271,"column":4},"end":{"line":271,"column":21}}},{"type":"method","name":"sendMoney","loc":{"start":{"line":273,"column":4},"end":{"line":281,"column":5}}},{"type":"property","name":"showEditModal","loc":{"start":{"line":284,"column":8},"end":{"line":284,"column":37}},"decorator":"track"},{"type":"method","name":"openEditModal","loc":{"start":{"line":285,"column":8},"end":{"line":287,"column":9}}},{"type":"method","name":"closeEditModal","loc":{"start":{"line":288,"column":8},"end":{"line":290,"column":9}}},{"type":"method","name":"submitEditDetails","loc":{"start":{"line":294,"column":8},"end":{"line":297,"column":9}}}],"exports":[{"type":"ExportDefaultDeclaration"}]},"updatedAt":"2022-08-07T00:39:36.687Z"},{"_allAttributes":null,"_properties":null,"_methods":null,"file":"d:/JAVA/PaypalApp/force-app/main/default/lwc/billObject/billObject.js","metadata":{"decorators":[{"type":"api","targets":[{"type":"property","name":"recordBillId","value":{"type":"unresolved"}},{"type":"property","name":"recordBillName","value":{"type":"unresolved"}},{"type":"property","name":"amountoPay","value":{"type":"unresolved"}},{"type":"property","name":"recordBillDiscount","value":{"type":"unresolved"}},{"type":"property","name":"recordUserId","value":{"type":"unresolved"}},{"type":"property","name":"recordFOrUSerId","value":{"type":"unresolved"}},{"type":"property","name":"getaccBalance","value":{"type":"unresolved"}}]},{"type":"wire","targets":[{"name":"bills","adapter":{"name":"fetchBill","reference":"@salesforce/apex/paypalDataController.fetchBill"},"type":"method"},{"name":"wiredwallet","adapter":{"name":"fetchWallet","reference":"@salesforce/apex/paypalDataController.fetchWallet"},"type":"method"}]},{"type":"track","targets":[{"name":"billcolumns","type":"property"},{"name":"billsList","type":"property"},{"name":"error","type":"property"},{"name":"walletList","type":"property"},{"name":"payment","type":"property"},{"name":"amountoPay","type":"property"},{"name":"isModalOpen","type":"property"},{"name":"showAdminView","type":"property"},{"name":"showUserView","type":"property"}]}],"declarationLoc":{"start":{"line":14,"column":0},"end":{"line":358,"column":1}},"classMembers":[{"type":"property","name":"billcolumns","loc":{"start":{"line":15,"column":4},"end":{"line":67,"column":10}},"decorator":"track"},{"type":"property","name":"billsList","loc":{"start":{"line":71,"column":8},"end":{"line":71,"column":25}},"decorator":"track"},{"type":"method","name":"bills","loc":{"start":{"line":72,"column":8},"end":{"line":89,"column":9}},"decorator":"wire"},{"type":"property","name":"error","loc":{"start":{"line":93,"column":0},"end":{"line":93,"column":13}},"decorator":"track"},{"type":"property","name":"walletList","loc":{"start":{"line":94,"column":0},"end":{"line":94,"column":18}},"decorator":"track"},{"type":"method","name":"wiredwallet","loc":{"start":{"line":95,"column":0},"end":{"line":113,"column":1}},"decorator":"wire"},{"type":"property","name":"recordBillId","loc":{"start":{"line":118,"column":8},"end":{"line":118,"column":26}},"decorator":"api","value":{"type":"unresolved"}},{"type":"property","name":"recordBillName","loc":{"start":{"line":119,"column":8},"end":{"line":119,"column":28}},"decorator":"api","value":{"type":"unresolved"}},{"type":"property","name":"amountoPay","loc":{"start":{"line":120,"column":8},"end":{"line":120,"column":24}},"decorator":"api","value":{"type":"unresolved"}},{"type":"property","name":"recordBillDiscount","loc":{"start":{"line":121,"column":8},"end":{"line":121,"column":32}},"decorator":"api","value":{"type":"unresolved"}},{"type":"property","name":"recordUserId","loc":{"start":{"line":122,"column":8},"end":{"line":122,"column":26}},"decorator":"api","value":{"type":"unresolved"}},{"type":"property","name":"recordFOrUSerId","loc":{"start":{"line":123,"column":8},"end":{"line":123,"column":28}},"decorator":"api","value":{"type":"unresolved"}},{"type":"property","name":"showBtn","loc":{"start":{"line":124,"column":8},"end":{"line":124,"column":23}}},{"type":"property","name":"showBtnPaid","loc":{"start":{"line":125,"column":8},"end":{"line":125,"column":27}}},{"type":"property","name":"showBtnAssigned","loc":{"start":{"line":126,"column":8},"end":{"line":126,"column":31}}},{"type":"method","name":"handleRowAction","loc":{"start":{"line":128,"column":4},"end":{"line":168,"column":5}}},{"type":"method","name":"showToastError","loc":{"start":{"line":172,"column":4},"end":{"line":181,"column":5}}},{"type":"method","name":"showToastCancel","loc":{"start":{"line":183,"column":5},"end":{"line":192,"column":1}}},{"type":"property","name":"getaccBalance","loc":{"start":{"line":197,"column":8},"end":{"line":197,"column":27}},"decorator":"api","value":{"type":"unresolved"}},{"type":"property","name":"payment","loc":{"start":{"line":199,"column":8},"end":{"line":199,"column":23}},"decorator":"track"},{"type":"method","name":"handlePay","loc":{"start":{"line":203,"column":8},"end":{"line":244,"column":5}}},{"type":"method","name":"showToast","loc":{"start":{"line":247,"column":8},"end":{"line":256,"column":9}}},{"type":"property","name":"isModalOpen","loc":{"start":{"line":262,"column":4},"end":{"line":262,"column":31}},"decorator":"track"},{"type":"method","name":"openModal","loc":{"start":{"line":263,"column":4},"end":{"line":265,"column":5}}},{"type":"method","name":"closeModal","loc":{"start":{"line":266,"column":4},"end":{"line":268,"column":5}}},{"type":"method","name":"submitDetails","loc":{"start":{"line":272,"column":4},"end":{"line":274,"column":5}}},{"type":"method","name":"handleCancel","loc":{"start":{"line":277,"column":4},"end":{"line":281,"column":5}}},{"type":"method","name":"showToastAssign","loc":{"start":{"line":283,"column":4},"end":{"line":292,"column":9}}},{"type":"method","name":"handleAssign","loc":{"start":{"line":296,"column":8},"end":{"line":323,"column":9}}},{"type":"property","name":"showAdminView","loc":{"start":{"line":328,"column":0},"end":{"line":328,"column":29}},"decorator":"track"},{"type":"property","name":"showUserView","loc":{"start":{"line":329,"column":0},"end":{"line":329,"column":28}},"decorator":"track"},{"type":"method","name":"handleUser","loc":{"start":{"line":330,"column":0},"end":{"line":351,"column":10}}},{"type":"method","name":"connectedCallback","loc":{"start":{"line":354,"column":0},"end":{"line":356,"column":1}}}],"exports":[{"type":"ExportDefaultDeclaration"}]},"updatedAt":"2022-08-07T01:12:53.494Z"},{"_allAttributes":null,"_properties":null,"_methods":null,"file":"d:/JAVA/PaypalApp/force-app/main/default/lwc/passbookObject/passbookObject.js","metadata":{"decorators":[{"type":"api","targets":[{"type":"property","name":"recordPayId","value":{"type":"unresolved"}},{"type":"property","name":"recordPayName","value":{"type":"unresolved"}},{"type":"property","name":"recordUserName","value":{"type":"unresolved"}},{"type":"property","name":"recordPayAmount","value":{"type":"unresolved"}},{"type":"property","name":"recordPayEmail","value":{"type":"unresolved"}}]},{"type":"wire","targets":[{"name":"passbooks","adapter":{"name":"fetchAllPassbooks","reference":"@salesforce/apex/paypalDataController.fetchAllPassbooks"},"type":"method"}]},{"type":"track","targets":[{"name":"passbookcolumns","type":"property"},{"name":"passbookList","type":"property"},{"name":"isModalOpen","type":"property"},{"name":"showAdminView","type":"property"},{"name":"showUserView","type":"property"}]}],"declarationLoc":{"start":{"line":10,"column":0},"end":{"line":185,"column":1}},"classMembers":[{"type":"property","name":"passbookcolumns","loc":{"start":{"line":11,"column":4},"end":{"line":48,"column":6}},"decorator":"track"},{"type":"property","name":"passbookList","loc":{"start":{"line":51,"column":0},"end":{"line":51,"column":20}},"decorator":"track"},{"type":"method","name":"passbooks","loc":{"start":{"line":52,"column":0},"end":{"line":67,"column":1}},"decorator":"wire"},{"type":"property","name":"recordPayId","loc":{"start":{"line":70,"column":8},"end":{"line":70,"column":25}},"decorator":"api","value":{"type":"unresolved"}},{"type":"property","name":"recordPayName","loc":{"start":{"line":71,"column":8},"end":{"line":71,"column":27}},"decorator":"api","value":{"type":"unresolved"}},{"type":"property","name":"recordUserName","loc":{"start":{"line":72,"column":8},"end":{"line":72,"column":28}},"decorator":"api","value":{"type":"unresolved"}},{"type":"property","name":"recordPayAmount","loc":{"start":{"line":73,"column":8},"end":{"line":73,"column":29}},"decorator":"api","value":{"type":"unresolved"}},{"type":"property","name":"recordPayEmail","loc":{"start":{"line":74,"column":8},"end":{"line":74,"column":28}},"decorator":"api","value":{"type":"unresolved"}},{"type":"method","name":"handleRowAction","loc":{"start":{"line":75,"column":8},"end":{"line":84,"column":9}}},{"type":"property","name":"isModalOpen","loc":{"start":{"line":90,"column":4},"end":{"line":90,"column":31}},"decorator":"track"},{"type":"method","name":"openModal","loc":{"start":{"line":91,"column":4},"end":{"line":93,"column":5}}},{"type":"method","name":"closeModal","loc":{"start":{"line":94,"column":4},"end":{"line":96,"column":5}}},{"type":"method","name":"submitDetails","loc":{"start":{"line":100,"column":4},"end":{"line":103,"column":5}}},{"type":"method","name":"renderedCallback","loc":{"start":{"line":108,"column":4},"end":{"line":112,"column":5}}},{"type":"method","name":"createPdf","loc":{"start":{"line":114,"column":4},"end":{"line":143,"column":7}}},{"type":"method","name":"saveByteArray","loc":{"start":{"line":144,"column":6},"end":{"line":151,"column":7}}},{"type":"property","name":"showAdminView","loc":{"start":{"line":155,"column":0},"end":{"line":155,"column":29}},"decorator":"track"},{"type":"property","name":"showUserView","loc":{"start":{"line":156,"column":0},"end":{"line":156,"column":28}},"decorator":"track"},{"type":"method","name":"handleUser","loc":{"start":{"line":157,"column":0},"end":{"line":178,"column":10}}},{"type":"method","name":"connectedCallback","loc":{"start":{"line":181,"column":0},"end":{"line":183,"column":1}}}],"exports":[{"type":"ExportDefaultDeclaration"}]},"updatedAt":"2022-08-04T16:45:40.669Z"},{"_allAttributes":null,"_properties":null,"_methods":null,"file":"d:/JAVA/PaypalApp/force-app/main/default/lwc/userObject/userObject.js","metadata":{"decorators":[{"type":"api","targets":[{"type":"property","name":"inpEmails","value":{"type":"string"}},{"type":"property","name":"inpPhones","value":{"type":"unresolved"}},{"type":"property","name":"inpFlags","value":{"type":"unresolved"}},{"type":"property","name":"inpNames","value":{"type":"string"}},{"type":"property","name":"rowId","value":{"type":"unresolved"}}]},{"type":"wire","targets":[{"name":"userDetails","adapter":{"name":"getRecord","reference":"lightning/uiRecordApi"},"type":"method","static":{"recordId":{"value":"@salesforce/user/Id","type":"module"},"fields":{"type":"unresolved","value":"array_expression"}},"params":{}},{"name":"usersList","adapter":{"name":"fetchUsers","reference":"@salesforce/apex/paypalDataController.fetchUsers"},"type":"property"}]},{"type":"track","targets":[{"name":"inpName","type":"property"},{"name":"inpEmail","type":"property"},{"name":"inpPhone","type":"property"},{"name":"inpFlagsx","type":"property"},{"name":"showAdminView","type":"property"},{"name":"showUserView","type":"property"},{"name":"inpPhone","type":"property"},{"name":"isModalOpen","type":"property"},{"name":"showEditModal","type":"property"}]}],"declarationLoc":{"start":{"line":51,"column":0},"end":{"line":246,"column":1}},"classMembers":[{"type":"property","name":"userId","loc":{"start":{"line":53,"column":4},"end":{"line":53,"column":16}}},{"type":"property","name":"name","loc":{"start":{"line":54,"column":4},"end":{"line":54,"column":9}}},{"type":"property","name":"email","loc":{"start":{"line":55,"column":4},"end":{"line":55,"column":10}}},{"type":"property","name":"error","loc":{"start":{"line":56,"column":4},"end":{"line":56,"column":10}}},{"type":"method","name":"userDetails","loc":{"start":{"line":57,"column":4},"end":{"line":65,"column":5}},"decorator":"wire"},{"type":"property","name":"userColumsList","loc":{"start":{"line":67,"column":4},"end":{"line":67,"column":33}}},{"type":"property","name":"usersList","loc":{"start":{"line":69,"column":4},"end":{"line":70,"column":14}},"decorator":"wire"},{"type":"method","name":"connectedCallback","loc":{"start":{"line":71,"column":4},"end":{"line":74,"column":5}}},{"type":"property","name":"inpEmails","loc":{"start":{"line":79,"column":4},"end":{"line":79,"column":24}},"decorator":"api","value":{"type":"string"}},{"type":"property","name":"inpPhones","loc":{"start":{"line":80,"column":4},"end":{"line":80,"column":20}},"decorator":"api","value":{"type":"unresolved"}},{"type":"property","name":"inpFlags","loc":{"start":{"line":81,"column":4},"end":{"line":81,"column":18}},"decorator":"api","value":{"type":"unresolved"}},{"type":"property","name":"inpNames","loc":{"start":{"line":82,"column":4},"end":{"line":82,"column":23}},"decorator":"api","value":{"type":"string"}},{"type":"property","name":"rowId","loc":{"start":{"line":83,"column":4},"end":{"line":83,"column":15}},"decorator":"api","value":{"type":"unresolved"}},{"type":"method","name":"handleRowAction","loc":{"start":{"line":85,"column":4},"end":{"line":96,"column":5}}},{"type":"property","name":"inpName","loc":{"start":{"line":100,"column":4},"end":{"line":100,"column":23}},"decorator":"track"},{"type":"property","name":"inpEmail","loc":{"start":{"line":101,"column":4},"end":{"line":101,"column":24}},"decorator":"track"},{"type":"property","name":"inpPhone","loc":{"start":{"line":102,"column":4},"end":{"line":102,"column":20}},"decorator":"track"},{"type":"property","name":"inpFlagsx","loc":{"start":{"line":103,"column":4},"end":{"line":103,"column":21}},"decorator":"track"},{"type":"method","name":"handleSaveEdit","loc":{"start":{"line":104,"column":0},"end":{"line":124,"column":1}}},{"type":"method","name":"showToastSuccessfulEdit","loc":{"start":{"line":126,"column":0},"end":{"line":135,"column":1}}},{"type":"property","name":"showAdminView","loc":{"start":{"line":145,"column":0},"end":{"line":145,"column":29}},"decorator":"track"},{"type":"property","name":"showUserView","loc":{"start":{"line":146,"column":0},"end":{"line":146,"column":28}},"decorator":"track"},{"type":"method","name":"handleUser","loc":{"start":{"line":147,"column":0},"end":{"line":168,"column":10}}},{"type":"method","name":"handleSignUp","loc":{"start":{"line":174,"column":4},"end":{"line":193,"column":5}}},{"type":"method","name":"showToast","loc":{"start":{"line":194,"column":4},"end":{"line":203,"column":5}}},{"type":"method","name":"showToastErrors","loc":{"start":{"line":205,"column":4},"end":{"line":212,"column":5}}},{"type":"property","name":"isModalOpen","loc":{"start":{"line":215,"column":2},"end":{"line":215,"column":29}},"decorator":"track"},{"type":"method","name":"openModal","loc":{"start":{"line":216,"column":2},"end":{"line":218,"column":3}}},{"type":"method","name":"closeModal","loc":{"start":{"line":219,"column":2},"end":{"line":221,"column":3}}},{"type":"method","name":"submitDetails","loc":{"start":{"line":225,"column":2},"end":{"line":227,"column":3}}},{"type":"property","name":"showEditModal","loc":{"start":{"line":231,"column":4},"end":{"line":231,"column":33}},"decorator":"track"},{"type":"method","name":"openEditModal","loc":{"start":{"line":232,"column":4},"end":{"line":234,"column":5}}},{"type":"method","name":"closeEditModal","loc":{"start":{"line":235,"column":4},"end":{"line":237,"column":5}}},{"type":"method","name":"submitEditDetails","loc":{"start":{"line":241,"column":4},"end":{"line":244,"column":5}}}],"exports":[{"type":"ExportDefaultDeclaration"}]},"updatedAt":"2022-08-06T02:35:04.598Z"},{"_allAttributes":null,"_properties":null,"_methods":null,"file":"d:/JAVA/PaypalApp/force-app/main/default/lwc/cardObject/cardObject.js","metadata":{"decorators":[{"type":"api","targets":[{"type":"property","name":"nameofcard","value":{"type":"unresolved"}},{"type":"property","name":"cvvofcard","value":{"type":"unresolved"}},{"type":"property","name":"expiredcard","value":{"type":"unresolved"}}]},{"type":"wire","targets":[{"name":"cards","adapter":{"name":"fetchAllCards","reference":"@salesforce/apex/paypalDataController.fetchAllCards"},"type":"method"}]},{"type":"track","targets":[{"name":"cardcolumns","type":"property"},{"name":"cardList","type":"property"},{"name":"isModalOpen","type":"property"}]}],"declarationLoc":{"start":{"line":6,"column":0},"end":{"line":102,"column":1}},"classMembers":[{"type":"property","name":"cardcolumns","loc":{"start":{"line":7,"column":4},"end":{"line":37,"column":6}},"decorator":"track"},{"type":"property","name":"cardList","loc":{"start":{"line":39,"column":8},"end":{"line":39,"column":24}},"decorator":"track"},{"type":"method","name":"cards","loc":{"start":{"line":40,"column":8},"end":{"line":56,"column":9}},"decorator":"wire"},{"type":"property","name":"nameofcard","loc":{"start":{"line":59,"column":8},"end":{"line":59,"column":24}},"decorator":"api","value":{"type":"unresolved"}},{"type":"property","name":"cvvofcard","loc":{"start":{"line":60,"column":8},"end":{"line":60,"column":23}},"decorator":"api","value":{"type":"unresolved"}},{"type":"property","name":"expiredcard","loc":{"start":{"line":61,"column":8},"end":{"line":61,"column":25}},"decorator":"api","value":{"type":"unresolved"}},{"type":"method","name":"handleRowAction","loc":{"start":{"line":63,"column":8},"end":{"line":75,"column":9}}},{"type":"property","name":"isModalOpen","loc":{"start":{"line":86,"column":8},"end":{"line":86,"column":35}},"decorator":"track"},{"type":"method","name":"openModal","loc":{"start":{"line":87,"column":8},"end":{"line":89,"column":9}}},{"type":"method","name":"closeModal","loc":{"start":{"line":90,"column":8},"end":{"line":92,"column":9}}},{"type":"method","name":"submitDetails","loc":{"start":{"line":96,"column":8},"end":{"line":98,"column":9}}}],"exports":[{"type":"ExportDefaultDeclaration"}]},"updatedAt":"2022-08-07T01:25:13.800Z"}]