[{"_allAttributes":{"publicAttributes":[{"name":"getaccid","memberType":0,"decorator":0,"location":{"uri":"file:///d%3A/JAVA/PaypalApp/force-app/main/default/lwc/paypalApp/paypalApp.js","range":{"start":{"line":116,"character":9},"end":{"line":116,"character":23}}},"detail":"LWC custom attribute"},{"name":"getacc-balance","memberType":0,"decorator":0,"location":{"uri":"file:///d%3A/JAVA/PaypalApp/force-app/main/default/lwc/paypalApp/paypalApp.js","range":{"start":{"line":117,"character":9},"end":{"line":117,"character":28}}},"detail":"LWC custom attribute"},{"name":"datetime","memberType":0,"decorator":0,"location":{"uri":"file:///d%3A/JAVA/PaypalApp/force-app/main/default/lwc/paypalApp/paypalApp.js","range":{"start":{"line":118,"character":9},"end":{"line":118,"character":23}}},"detail":"LWC custom attribute"},{"name":"getacc-name","memberType":0,"decorator":0,"location":{"uri":"file:///d%3A/JAVA/PaypalApp/force-app/main/default/lwc/paypalApp/paypalApp.js","range":{"start":{"line":119,"character":9},"end":{"line":119,"character":25}}},"detail":"LWC custom attribute"},{"name":"get-wallet-userid","memberType":0,"decorator":0,"location":{"uri":"file:///d%3A/JAVA/PaypalApp/force-app/main/default/lwc/paypalApp/paypalApp.js","range":{"start":{"line":120,"character":9},"end":{"line":120,"character":30}}},"detail":"LWC custom attribute"},{"name":"send-user","memberType":0,"decorator":0,"location":{"uri":"file:///d%3A/JAVA/PaypalApp/force-app/main/default/lwc/paypalApp/paypalApp.js","range":{"start":{"line":176,"character":4},"end":{"line":176,"character":18}}},"detail":"LWC custom attribute"}],"privateAttributes":[{"name":"show-admin-view","memberType":0,"decorator":1,"location":{"uri":"file:///d%3A/JAVA/PaypalApp/force-app/main/default/lwc/paypalApp/paypalApp.js","range":{"start":{"line":13,"character":0},"end":{"line":13,"character":29}}},"detail":"LWC custom attribute"},{"name":"show-user-view","memberType":0,"decorator":1,"location":{"uri":"file:///d%3A/JAVA/PaypalApp/force-app/main/default/lwc/paypalApp/paypalApp.js","range":{"start":{"line":14,"character":0},"end":{"line":14,"character":28}}},"detail":"LWC custom attribute"},{"name":"walletcolumns","memberType":0,"decorator":1,"location":{"uri":"file:///d%3A/JAVA/PaypalApp/force-app/main/default/lwc/paypalApp/paypalApp.js","range":{"start":{"line":58,"character":4},"end":{"line":70,"character":10}}},"detail":"LWC custom attribute"},{"name":"wallet2columns","memberType":0,"decorator":1,"location":{"uri":"file:///d%3A/JAVA/PaypalApp/force-app/main/default/lwc/paypalApp/paypalApp.js","range":{"start":{"line":72,"character":8},"end":{"line":94,"character":14}}},"detail":"LWC custom attribute"},{"name":"error","memberType":0,"decorator":1,"location":{"uri":"file:///d%3A/JAVA/PaypalApp/force-app/main/default/lwc/paypalApp/paypalApp.js","range":{"start":{"line":95,"character":8},"end":{"line":95,"character":21}}},"detail":"LWC custom attribute"},{"name":"wallet-list","memberType":0,"decorator":1,"location":{"uri":"file:///d%3A/JAVA/PaypalApp/force-app/main/default/lwc/paypalApp/paypalApp.js","range":{"start":{"line":96,"character":8},"end":{"line":96,"character":26}}},"detail":"LWC custom attribute"},{"name":"show-see-balance","memberType":0,"decorator":1,"location":{"uri":"file:///d%3A/JAVA/PaypalApp/force-app/main/default/lwc/paypalApp/paypalApp.js","range":{"start":{"line":122,"character":9},"end":{"line":122,"character":39}}},"detail":"LWC custom attribute"},{"name":"search-key","memberType":0,"location":{"uri":"file:///d%3A/JAVA/PaypalApp/force-app/main/default/lwc/paypalApp/paypalApp.js","range":{"start":{"line":148,"character":4},"end":{"line":148,"character":14}}},"detail":"LWC custom attribute"},{"name":"users","memberType":0,"decorator":1,"location":{"uri":"file:///d%3A/JAVA/PaypalApp/force-app/main/default/lwc/paypalApp/paypalApp.js","range":{"start":{"line":149,"character":3},"end":{"line":149,"character":16}}},"detail":"LWC custom attribute"},{"name":"cols","memberType":0,"location":{"uri":"file:///d%3A/JAVA/PaypalApp/force-app/main/default/lwc/paypalApp/paypalApp.js","range":{"start":{"line":167,"character":4},"end":{"line":171,"character":5}}},"detail":"LWC custom attribute"},{"name":"handle-row-selection","memberType":0,"location":{"uri":"file:///d%3A/JAVA/PaypalApp/force-app/main/default/lwc/paypalApp/paypalApp.js","range":{"start":{"line":177,"character":4},"end":{"line":203,"character":1}}},"detail":"LWC custom attribute"},{"name":"moneytosend","memberType":0,"decorator":1,"location":{"uri":"file:///d%3A/JAVA/PaypalApp/force-app/main/default/lwc/paypalApp/paypalApp.js","range":{"start":{"line":208,"character":8},"end":{"line":208,"character":27}}},"detail":"LWC custom attribute"},{"name":"show-edit-modal","memberType":0,"decorator":1,"location":{"uri":"file:///d%3A/JAVA/PaypalApp/force-app/main/default/lwc/paypalApp/paypalApp.js","range":{"start":{"line":228,"character":9},"end":{"line":228,"character":38}}},"detail":"LWC custom attribute"},{"name":"getacc-balances","memberType":0,"decorator":1,"location":{"uri":"file:///d%3A/JAVA/PaypalApp/force-app/main/default/lwc/paypalApp/paypalApp.js","range":{"start":{"line":291,"character":0},"end":{"line":291,"character":25}}},"detail":"LWC custom attribute"},{"name":"show-load","memberType":0,"decorator":1,"location":{"uri":"file:///d%3A/JAVA/PaypalApp/force-app/main/default/lwc/paypalApp/paypalApp.js","range":{"start":{"line":325,"character":4},"end":{"line":325,"character":28}}},"detail":"LWC custom attribute"},{"name":"is-modal-open","memberType":0,"decorator":1,"location":{"uri":"file:///d%3A/JAVA/PaypalApp/force-app/main/default/lwc/paypalApp/paypalApp.js","range":{"start":{"line":340,"character":4},"end":{"line":340,"character":31}}},"detail":"LWC custom attribute"},{"name":"show-pals","memberType":0,"location":{"uri":"file:///d%3A/JAVA/PaypalApp/force-app/main/default/lwc/paypalApp/paypalApp.js","range":{"start":{"line":356,"character":4},"end":{"line":356,"character":21}}},"detail":"LWC custom attribute"}]},"_properties":null,"_methods":[{"type":"method","name":"handleUser","loc":{"start":{"line":16,"column":0},"end":{"line":37,"column":10}}},{"type":"method","name":"connectedCallback","loc":{"start":{"line":41,"column":0},"end":{"line":47,"column":1}}},{"type":"method","name":"wiredwallet","loc":{"start":{"line":98,"column":8},"end":{"line":114,"column":9}},"decorator":"wire"},{"type":"method","name":"getSelectedName","loc":{"start":{"line":124,"column":8},"end":{"line":142,"column":9}}},{"type":"method","name":"handelSearchKey","loc":{"start":{"line":152,"column":4},"end":{"line":154,"column":5}}},{"type":"method","name":"SearchAccountHandler","loc":{"start":{"line":157,"column":4},"end":{"line":167,"column":5}}},{"type":"method","name":"detectSameInfo","loc":{"start":{"line":212,"column":8},"end":{"line":226,"column":6}}},{"type":"method","name":"openEditModal","loc":{"start":{"line":230,"column":9},"end":{"line":232,"column":10}}},{"type":"method","name":"closeEditModal","loc":{"start":{"line":233,"column":9},"end":{"line":235,"column":10}}},{"type":"method","name":"submitEditDetails","loc":{"start":{"line":236,"column":9},"end":{"line":239,"column":10}}},{"type":"method","name":"showToast","loc":{"start":{"line":244,"column":8},"end":{"line":253,"column":9}}},{"type":"method","name":"showToastError","loc":{"start":{"line":255,"column":8},"end":{"line":263,"column":9}}},{"type":"method","name":"LoadWallet","loc":{"start":{"line":270,"column":0},"end":{"line":290,"column":1}}},{"type":"method","name":"LoadWalletNow","loc":{"start":{"line":295,"column":0},"end":{"line":322,"column":1}}},{"type":"method","name":"openModalForLoadWallet","loc":{"start":{"line":327,"column":4},"end":{"line":329,"column":5}}},{"type":"method","name":"closeModalLoad","loc":{"start":{"line":330,"column":4},"end":{"line":332,"column":5}}},{"type":"method","name":"submitDetails","loc":{"start":{"line":333,"column":4},"end":{"line":336,"column":5}}},{"type":"method","name":"openModal","loc":{"start":{"line":342,"column":4},"end":{"line":344,"column":5}}},{"type":"method","name":"closeModal","loc":{"start":{"line":345,"column":4},"end":{"line":347,"column":5}}},{"type":"method","name":"sendMoney","loc":{"start":{"line":359,"column":4},"end":{"line":367,"column":5}}}],"file":"d:/JAVA/PaypalApp/force-app/main/default/lwc/paypalApp/paypalApp.js","metadata":{"decorators":[{"type":"api","targets":[{"type":"property","name":"getaccid","value":{"type":"unresolved"}},{"type":"property","name":"getaccBalance","value":{"type":"unresolved"}},{"type":"property","name":"datetime","value":{"type":"unresolved"}},{"type":"property","name":"getaccName","value":{"type":"unresolved"}},{"type":"property","name":"getWalletUserid","value":{"type":"unresolved"}},{"type":"property","name":"sendUser","value":{"type":"unresolved"}}]},{"type":"wire","targets":[{"name":"wiredwallet","adapter":{"name":"fetchWallet","reference":"@salesforce/apex/paypalDataController.fetchWallet"},"type":"method"}]},{"type":"track","targets":[{"name":"showAdminView","type":"property"},{"name":"showUserView","type":"property"},{"name":"walletcolumns","type":"property"},{"name":"wallet2columns","type":"property"},{"name":"error","type":"property"},{"name":"walletList","type":"property"},{"name":"showSeeBalance","type":"property"},{"name":"users","type":"property"},{"name":"moneytosend","type":"property"},{"name":"showEditModal","type":"property"},{"name":"getaccBalances","type":"property"},{"name":"getaccName","type":"property"},{"name":"showLoad","type":"property"},{"name":"isModalOpen","type":"property"}]}],"declarationLoc":{"start":{"line":8,"column":0},"end":{"line":372,"column":1}},"classMembers":[{"type":"property","name":"showAdminView","loc":{"start":{"line":14,"column":0},"end":{"line":14,"column":29}},"decorator":"track"},{"type":"property","name":"showUserView","loc":{"start":{"line":15,"column":0},"end":{"line":15,"column":28}},"decorator":"track"},{"type":"method","name":"handleUser","loc":{"start":{"line":16,"column":0},"end":{"line":37,"column":10}}},{"type":"method","name":"connectedCallback","loc":{"start":{"line":41,"column":0},"end":{"line":47,"column":1}}},{"type":"property","name":"walletcolumns","loc":{"start":{"line":59,"column":4},"end":{"line":71,"column":10}},"decorator":"track"},{"type":"property","name":"wallet2columns","loc":{"start":{"line":73,"column":8},"end":{"line":95,"column":14}},"decorator":"track"},{"type":"property","name":"error","loc":{"start":{"line":96,"column":8},"end":{"line":96,"column":21}},"decorator":"track"},{"type":"property","name":"walletList","loc":{"start":{"line":97,"column":8},"end":{"line":97,"column":26}},"decorator":"track"},{"type":"method","name":"wiredwallet","loc":{"start":{"line":98,"column":8},"end":{"line":114,"column":9}},"decorator":"wire"},{"type":"property","name":"getaccid","loc":{"start":{"line":117,"column":9},"end":{"line":117,"column":23}},"decorator":"api","value":{"type":"unresolved"}},{"type":"property","name":"getaccBalance","loc":{"start":{"line":118,"column":9},"end":{"line":118,"column":28}},"decorator":"api","value":{"type":"unresolved"}},{"type":"property","name":"datetime","loc":{"start":{"line":119,"column":9},"end":{"line":119,"column":23}},"decorator":"api","value":{"type":"unresolved"}},{"type":"property","name":"getaccName","loc":{"start":{"line":120,"column":9},"end":{"line":120,"column":25}},"decorator":"api","value":{"type":"unresolved"}},{"type":"property","name":"getWalletUserid","loc":{"start":{"line":121,"column":9},"end":{"line":121,"column":30}},"decorator":"api","value":{"type":"unresolved"}},{"type":"property","name":"showSeeBalance","loc":{"start":{"line":123,"column":9},"end":{"line":123,"column":39}},"decorator":"track"},{"type":"method","name":"getSelectedName","loc":{"start":{"line":124,"column":8},"end":{"line":142,"column":9}}},{"type":"property","name":"searchKey","loc":{"start":{"line":149,"column":4},"end":{"line":149,"column":14}}},{"type":"property","name":"users","loc":{"start":{"line":150,"column":3},"end":{"line":150,"column":16}},"decorator":"track"},{"type":"method","name":"handelSearchKey","loc":{"start":{"line":152,"column":4},"end":{"line":154,"column":5}}},{"type":"method","name":"SearchAccountHandler","loc":{"start":{"line":157,"column":4},"end":{"line":167,"column":5}}},{"type":"property","name":"cols","loc":{"start":{"line":168,"column":4},"end":{"line":172,"column":5}}},{"type":"property","name":"sendUser","loc":{"start":{"line":177,"column":4},"end":{"line":177,"column":18}},"decorator":"api","value":{"type":"unresolved"}},{"type":"property","name":"handleRowSelection","loc":{"start":{"line":178,"column":4},"end":{"line":204,"column":1}}},{"type":"property","name":"moneytosend","loc":{"start":{"line":209,"column":8},"end":{"line":209,"column":27}},"decorator":"track"},{"type":"method","name":"detectSameInfo","loc":{"start":{"line":212,"column":8},"end":{"line":226,"column":6}}},{"type":"property","name":"showEditModal","loc":{"start":{"line":229,"column":9},"end":{"line":229,"column":38}},"decorator":"track"},{"type":"method","name":"openEditModal","loc":{"start":{"line":230,"column":9},"end":{"line":232,"column":10}}},{"type":"method","name":"closeEditModal","loc":{"start":{"line":233,"column":9},"end":{"line":235,"column":10}}},{"type":"method","name":"submitEditDetails","loc":{"start":{"line":236,"column":9},"end":{"line":239,"column":10}}},{"type":"method","name":"showToast","loc":{"start":{"line":244,"column":8},"end":{"line":253,"column":9}}},{"type":"method","name":"showToastError","loc":{"start":{"line":255,"column":8},"end":{"line":263,"column":9}}},{"type":"method","name":"LoadWallet","loc":{"start":{"line":270,"column":0},"end":{"line":290,"column":1}}},{"type":"property","name":"getaccBalances","loc":{"start":{"line":292,"column":0},"end":{"line":292,"column":25}},"decorator":"track"},{"type":"method","name":"LoadWalletNow","loc":{"start":{"line":295,"column":0},"end":{"line":322,"column":1}}},{"type":"property","name":"showLoad","loc":{"start":{"line":326,"column":4},"end":{"line":326,"column":28}},"decorator":"track"},{"type":"method","name":"openModalForLoadWallet","loc":{"start":{"line":327,"column":4},"end":{"line":329,"column":5}}},{"type":"method","name":"closeModalLoad","loc":{"start":{"line":330,"column":4},"end":{"line":332,"column":5}}},{"type":"method","name":"submitDetails","loc":{"start":{"line":333,"column":4},"end":{"line":336,"column":5}}},{"type":"property","name":"isModalOpen","loc":{"start":{"line":341,"column":4},"end":{"line":341,"column":31}},"decorator":"track"},{"type":"method","name":"openModal","loc":{"start":{"line":342,"column":4},"end":{"line":344,"column":5}}},{"type":"method","name":"closeModal","loc":{"start":{"line":345,"column":4},"end":{"line":347,"column":5}}},{"type":"property","name":"showPals","loc":{"start":{"line":357,"column":4},"end":{"line":357,"column":21}}},{"type":"method","name":"sendMoney","loc":{"start":{"line":359,"column":4},"end":{"line":367,"column":5}}}],"exports":[{"type":"ExportDefaultDeclaration"}]},"updatedAt":"2022-08-09T07:28:40.623Z"},{"_allAttributes":{"publicAttributes":[],"privateAttributes":[]},"_properties":null,"_methods":[],"file":"d:/JAVA/PaypalApp/force-app/main/default/lwc/billObject/billObject.js","metadata":{"decorators":[{"type":"api","targets":[{"type":"property","name":"recordBillId","value":{"type":"unresolved"}},{"type":"property","name":"recordBillName","value":{"type":"unresolved"}},{"type":"property","name":"amountoPay","value":{"type":"unresolved"}},{"type":"property","name":"recordBillDiscount","value":{"type":"unresolved"}},{"type":"property","name":"recordUserId","value":{"type":"unresolved"}},{"type":"property","name":"recordFOrUSerId","value":{"type":"unresolved"}},{"type":"property","name":"rowId","value":{"type":"unresolved"}},{"type":"property","name":"getaccBalance","value":{"type":"unresolved"}}]},{"type":"wire","targets":[{"name":"bills","adapter":{"name":"fetchBill","reference":"@salesforce/apex/paypalDataController.fetchBill"},"type":"method"},{"name":"wiredwallet","adapter":{"name":"fetchWallet","reference":"@salesforce/apex/paypalDataController.fetchWallet"},"type":"method"}]},{"type":"track","targets":[{"name":"billcolumns","type":"property"},{"name":"billsList","type":"property"},{"name":"error","type":"property"},{"name":"walletList","type":"property"},{"name":"payment","type":"property"},{"name":"amountoPay","type":"property"},{"name":"isModalOpen","type":"property"},{"name":"showAdminView","type":"property"},{"name":"showUserView","type":"property"}]}],"exports":[{"type":"ExportDefaultDeclaration"}]},"updatedAt":"2022-08-09T05:05:39.650Z"},{"_allAttributes":{"publicAttributes":[{"name":"record-pay-id","memberType":0,"decorator":0,"location":{"uri":"file:///d%3A/JAVA/PaypalApp/force-app/main/default/lwc/passbookObject/passbookObject.js","range":{"start":{"line":69,"character":8},"end":{"line":69,"character":25}}},"detail":"LWC custom attribute"},{"name":"record-pay-name","memberType":0,"decorator":0,"location":{"uri":"file:///d%3A/JAVA/PaypalApp/force-app/main/default/lwc/passbookObject/passbookObject.js","range":{"start":{"line":70,"character":8},"end":{"line":70,"character":27}}},"detail":"LWC custom attribute"},{"name":"record-user-name","memberType":0,"decorator":0,"location":{"uri":"file:///d%3A/JAVA/PaypalApp/force-app/main/default/lwc/passbookObject/passbookObject.js","range":{"start":{"line":71,"character":8},"end":{"line":71,"character":28}}},"detail":"LWC custom attribute"},{"name":"record-pay-amount","memberType":0,"decorator":0,"location":{"uri":"file:///d%3A/JAVA/PaypalApp/force-app/main/default/lwc/passbookObject/passbookObject.js","range":{"start":{"line":72,"character":8},"end":{"line":72,"character":29}}},"detail":"LWC custom attribute"},{"name":"record-pay-email","memberType":0,"decorator":0,"location":{"uri":"file:///d%3A/JAVA/PaypalApp/force-app/main/default/lwc/passbookObject/passbookObject.js","range":{"start":{"line":73,"character":8},"end":{"line":73,"character":28}}},"detail":"LWC custom attribute"}],"privateAttributes":[{"name":"passbookcolumns","memberType":0,"decorator":1,"location":{"uri":"file:///d%3A/JAVA/PaypalApp/force-app/main/default/lwc/passbookObject/passbookObject.js","range":{"start":{"line":10,"character":4},"end":{"line":47,"character":6}}},"detail":"LWC custom attribute"},{"name":"passbook-list","memberType":0,"decorator":1,"location":{"uri":"file:///d%3A/JAVA/PaypalApp/force-app/main/default/lwc/passbookObject/passbookObject.js","range":{"start":{"line":50,"character":0},"end":{"line":50,"character":20}}},"detail":"LWC custom attribute"},{"name":"is-modal-open","memberType":0,"decorator":1,"location":{"uri":"file:///d%3A/JAVA/PaypalApp/force-app/main/default/lwc/passbookObject/passbookObject.js","range":{"start":{"line":89,"character":4},"end":{"line":89,"character":31}}},"detail":"LWC custom attribute"},{"name":"show-admin-view","memberType":0,"decorator":1,"location":{"uri":"file:///d%3A/JAVA/PaypalApp/force-app/main/default/lwc/passbookObject/passbookObject.js","range":{"start":{"line":154,"character":0},"end":{"line":154,"character":29}}},"detail":"LWC custom attribute"},{"name":"show-user-view","memberType":0,"decorator":1,"location":{"uri":"file:///d%3A/JAVA/PaypalApp/force-app/main/default/lwc/passbookObject/passbookObject.js","range":{"start":{"line":155,"character":0},"end":{"line":155,"character":28}}},"detail":"LWC custom attribute"}]},"_properties":null,"_methods":[{"type":"method","name":"passbooks","loc":{"start":{"line":52,"column":0},"end":{"line":67,"column":1}},"decorator":"wire"},{"type":"method","name":"handleRowAction","loc":{"start":{"line":75,"column":8},"end":{"line":84,"column":9}}},{"type":"method","name":"openModal","loc":{"start":{"line":91,"column":4},"end":{"line":93,"column":5}}},{"type":"method","name":"closeModal","loc":{"start":{"line":94,"column":4},"end":{"line":96,"column":5}}},{"type":"method","name":"submitDetails","loc":{"start":{"line":100,"column":4},"end":{"line":103,"column":5}}},{"type":"method","name":"renderedCallback","loc":{"start":{"line":108,"column":4},"end":{"line":112,"column":5}}},{"type":"method","name":"createPdf","loc":{"start":{"line":114,"column":4},"end":{"line":143,"column":7}}},{"type":"method","name":"saveByteArray","loc":{"start":{"line":144,"column":6},"end":{"line":151,"column":7}}},{"type":"method","name":"handleUser","loc":{"start":{"line":157,"column":0},"end":{"line":178,"column":10}}},{"type":"method","name":"connectedCallback","loc":{"start":{"line":181,"column":0},"end":{"line":183,"column":1}}}],"file":"d:/JAVA/PaypalApp/force-app/main/default/lwc/passbookObject/passbookObject.js","metadata":{"decorators":[{"type":"api","targets":[{"type":"property","name":"recordPayId","value":{"type":"unresolved"}},{"type":"property","name":"recordPayName","value":{"type":"unresolved"}},{"type":"property","name":"recordUserName","value":{"type":"unresolved"}},{"type":"property","name":"recordPayAmount","value":{"type":"unresolved"}},{"type":"property","name":"recordPayEmail","value":{"type":"unresolved"}}]},{"type":"wire","targets":[{"name":"passbooks","adapter":{"name":"fetchAllPassbooks","reference":"@salesforce/apex/paypalDataController.fetchAllPassbooks"},"type":"method"}]},{"type":"track","targets":[{"name":"passbookcolumns","type":"property"},{"name":"passbookList","type":"property"},{"name":"isModalOpen","type":"property"},{"name":"showAdminView","type":"property"},{"name":"showUserView","type":"property"}]}],"declarationLoc":{"start":{"line":10,"column":0},"end":{"line":185,"column":1}},"classMembers":[{"type":"property","name":"passbookcolumns","loc":{"start":{"line":11,"column":4},"end":{"line":48,"column":6}},"decorator":"track"},{"type":"property","name":"passbookList","loc":{"start":{"line":51,"column":0},"end":{"line":51,"column":20}},"decorator":"track"},{"type":"method","name":"passbooks","loc":{"start":{"line":52,"column":0},"end":{"line":67,"column":1}},"decorator":"wire"},{"type":"property","name":"recordPayId","loc":{"start":{"line":70,"column":8},"end":{"line":70,"column":25}},"decorator":"api","value":{"type":"unresolved"}},{"type":"property","name":"recordPayName","loc":{"start":{"line":71,"column":8},"end":{"line":71,"column":27}},"decorator":"api","value":{"type":"unresolved"}},{"type":"property","name":"recordUserName","loc":{"start":{"line":72,"column":8},"end":{"line":72,"column":28}},"decorator":"api","value":{"type":"unresolved"}},{"type":"property","name":"recordPayAmount","loc":{"start":{"line":73,"column":8},"end":{"line":73,"column":29}},"decorator":"api","value":{"type":"unresolved"}},{"type":"property","name":"recordPayEmail","loc":{"start":{"line":74,"column":8},"end":{"line":74,"column":28}},"decorator":"api","value":{"type":"unresolved"}},{"type":"method","name":"handleRowAction","loc":{"start":{"line":75,"column":8},"end":{"line":84,"column":9}}},{"type":"property","name":"isModalOpen","loc":{"start":{"line":90,"column":4},"end":{"line":90,"column":31}},"decorator":"track"},{"type":"method","name":"openModal","loc":{"start":{"line":91,"column":4},"end":{"line":93,"column":5}}},{"type":"method","name":"closeModal","loc":{"start":{"line":94,"column":4},"end":{"line":96,"column":5}}},{"type":"method","name":"submitDetails","loc":{"start":{"line":100,"column":4},"end":{"line":103,"column":5}}},{"type":"method","name":"renderedCallback","loc":{"start":{"line":108,"column":4},"end":{"line":112,"column":5}}},{"type":"method","name":"createPdf","loc":{"start":{"line":114,"column":4},"end":{"line":143,"column":7}}},{"type":"method","name":"saveByteArray","loc":{"start":{"line":144,"column":6},"end":{"line":151,"column":7}}},{"type":"property","name":"showAdminView","loc":{"start":{"line":155,"column":0},"end":{"line":155,"column":29}},"decorator":"track"},{"type":"property","name":"showUserView","loc":{"start":{"line":156,"column":0},"end":{"line":156,"column":28}},"decorator":"track"},{"type":"method","name":"handleUser","loc":{"start":{"line":157,"column":0},"end":{"line":178,"column":10}}},{"type":"method","name":"connectedCallback","loc":{"start":{"line":181,"column":0},"end":{"line":183,"column":1}}}],"exports":[{"type":"ExportDefaultDeclaration"}]},"updatedAt":"2022-08-08T06:55:24.033Z"},{"_allAttributes":{"publicAttributes":[{"name":"inp-emails","memberType":0,"decorator":0,"location":{"uri":"file:///d%3A/JAVA/PaypalApp/force-app/main/default/lwc/userObject/userObject.js","range":{"start":{"line":102,"character":4},"end":{"line":102,"character":24}}},"detail":"LWC custom attribute"},{"name":"inp-phones","memberType":0,"decorator":0,"location":{"uri":"file:///d%3A/JAVA/PaypalApp/force-app/main/default/lwc/userObject/userObject.js","range":{"start":{"line":103,"character":4},"end":{"line":103,"character":20}}},"detail":"LWC custom attribute"},{"name":"inp-flags","memberType":0,"decorator":0,"location":{"uri":"file:///d%3A/JAVA/PaypalApp/force-app/main/default/lwc/userObject/userObject.js","range":{"start":{"line":104,"character":4},"end":{"line":104,"character":18}}},"detail":"LWC custom attribute"},{"name":"inp-names","memberType":0,"decorator":0,"location":{"uri":"file:///d%3A/JAVA/PaypalApp/force-app/main/default/lwc/userObject/userObject.js","range":{"start":{"line":105,"character":4},"end":{"line":105,"character":23}}},"detail":"LWC custom attribute"},{"name":"row-id","memberType":0,"decorator":0,"location":{"uri":"file:///d%3A/JAVA/PaypalApp/force-app/main/default/lwc/userObject/userObject.js","range":{"start":{"line":106,"character":4},"end":{"line":106,"character":15}}},"detail":"LWC custom attribute"},{"name":"check-user-mark","memberType":0,"decorator":0,"location":{"uri":"file:///d%3A/JAVA/PaypalApp/force-app/main/default/lwc/userObject/userObject.js","range":{"start":{"line":107,"character":4},"end":{"line":107,"character":23}}},"detail":"LWC custom attribute"}],"privateAttributes":[{"name":"user-id","memberType":0,"location":{"uri":"file:///d%3A/JAVA/PaypalApp/force-app/main/default/lwc/userObject/userObject.js","range":{"start":{"line":17,"character":4},"end":{"line":17,"character":16}}},"detail":"LWC custom attribute"},{"name":"name","memberType":0,"location":{"uri":"file:///d%3A/JAVA/PaypalApp/force-app/main/default/lwc/userObject/userObject.js","range":{"start":{"line":18,"character":4},"end":{"line":18,"character":9}}},"detail":"LWC custom attribute"},{"name":"email","memberType":0,"location":{"uri":"file:///d%3A/JAVA/PaypalApp/force-app/main/default/lwc/userObject/userObject.js","range":{"start":{"line":19,"character":4},"end":{"line":19,"character":10}}},"detail":"LWC custom attribute"},{"name":"error","memberType":0,"location":{"uri":"file:///d%3A/JAVA/PaypalApp/force-app/main/default/lwc/userObject/userObject.js","range":{"start":{"line":20,"character":4},"end":{"line":20,"character":10}}},"detail":"LWC custom attribute"},{"name":"usercolumns","memberType":0,"decorator":1,"location":{"uri":"file:///d%3A/JAVA/PaypalApp/force-app/main/default/lwc/userObject/userObject.js","range":{"start":{"line":33,"character":4},"end":{"line":70,"character":6}}},"detail":"LWC custom attribute"},{"name":"users-list","memberType":0,"decorator":1,"location":{"uri":"file:///d%3A/JAVA/PaypalApp/force-app/main/default/lwc/userObject/userObject.js","range":{"start":{"line":73,"character":4},"end":{"line":73,"character":21}}},"detail":"LWC custom attribute"},{"name":"inp-name","memberType":0,"decorator":1,"location":{"uri":"file:///d%3A/JAVA/PaypalApp/force-app/main/default/lwc/userObject/userObject.js","range":{"start":{"line":124,"character":4},"end":{"line":124,"character":23}}},"detail":"LWC custom attribute"},{"name":"inp-email","memberType":0,"decorator":1,"location":{"uri":"file:///d%3A/JAVA/PaypalApp/force-app/main/default/lwc/userObject/userObject.js","range":{"start":{"line":125,"character":4},"end":{"line":125,"character":24}}},"detail":"LWC custom attribute"},{"name":"inp-phone","memberType":0,"decorator":1,"location":{"uri":"file:///d%3A/JAVA/PaypalApp/force-app/main/default/lwc/userObject/userObject.js","range":{"start":{"line":126,"character":4},"end":{"line":126,"character":20}}},"detail":"LWC custom attribute"},{"name":"inp-flagsx","memberType":0,"decorator":1,"location":{"uri":"file:///d%3A/JAVA/PaypalApp/force-app/main/default/lwc/userObject/userObject.js","range":{"start":{"line":127,"character":4},"end":{"line":127,"character":21}}},"detail":"LWC custom attribute"},{"name":"show-admin-view","memberType":0,"decorator":1,"location":{"uri":"file:///d%3A/JAVA/PaypalApp/force-app/main/default/lwc/userObject/userObject.js","range":{"start":{"line":193,"character":0},"end":{"line":193,"character":29}}},"detail":"LWC custom attribute"},{"name":"show-user-view","memberType":0,"decorator":1,"location":{"uri":"file:///d%3A/JAVA/PaypalApp/force-app/main/default/lwc/userObject/userObject.js","range":{"start":{"line":194,"character":0},"end":{"line":194,"character":28}}},"detail":"LWC custom attribute"},{"name":"is-modal-open","memberType":0,"decorator":1,"location":{"uri":"file:///d%3A/JAVA/PaypalApp/force-app/main/default/lwc/userObject/userObject.js","range":{"start":{"line":282,"character":2},"end":{"line":282,"character":29}}},"detail":"LWC custom attribute"},{"name":"show-edit-modal","memberType":0,"decorator":1,"location":{"uri":"file:///d%3A/JAVA/PaypalApp/force-app/main/default/lwc/userObject/userObject.js","range":{"start":{"line":298,"character":4},"end":{"line":298,"character":33}}},"detail":"LWC custom attribute"}]},"_properties":null,"_methods":[{"type":"method","name":"userDetails","loc":{"start":{"line":22,"column":4},"end":{"line":30,"column":5}},"decorator":"wire"},{"type":"method","name":"usersview","loc":{"start":{"line":75,"column":4},"end":{"line":90,"column":5}},"decorator":"wire"},{"type":"method","name":"connectedCallback","loc":{"start":{"line":95,"column":4},"end":{"line":98,"column":5}}},{"type":"method","name":"handleRowAction","loc":{"start":{"line":109,"column":4},"end":{"line":121,"column":5}}},{"type":"method","name":"handleSaveEdit","loc":{"start":{"line":129,"column":0},"end":{"line":173,"column":1}}},{"type":"method","name":"handleUser","loc":{"start":{"line":196,"column":0},"end":{"line":217,"column":10}}},{"type":"method","name":"handleSignUp","loc":{"start":{"line":223,"column":4},"end":{"line":258,"column":5}}},{"type":"method","name":"openModal","loc":{"start":{"line":284,"column":2},"end":{"line":286,"column":3}}},{"type":"method","name":"closeModal","loc":{"start":{"line":287,"column":2},"end":{"line":289,"column":3}}},{"type":"method","name":"submitDetails","loc":{"start":{"line":293,"column":2},"end":{"line":295,"column":3}}},{"type":"method","name":"openEditModal","loc":{"start":{"line":300,"column":4},"end":{"line":302,"column":5}}},{"type":"method","name":"closeEditModal","loc":{"start":{"line":303,"column":4},"end":{"line":305,"column":5}}},{"type":"method","name":"submitEditDetails","loc":{"start":{"line":309,"column":4},"end":{"line":312,"column":5}}}],"file":"d:/JAVA/PaypalApp/force-app/main/default/lwc/userObject/userObject.js","metadata":{"decorators":[{"type":"api","targets":[{"type":"property","name":"inpEmails","value":{"type":"string"}},{"type":"property","name":"inpPhones","value":{"type":"unresolved"}},{"type":"property","name":"inpFlags","value":{"type":"unresolved"}},{"type":"property","name":"inpNames","value":{"type":"string"}},{"type":"property","name":"rowId","value":{"type":"unresolved"}},{"type":"property","name":"checkUserMark","value":{"type":"unresolved"}}]},{"type":"wire","targets":[{"name":"userDetails","adapter":{"name":"getRecord","reference":"lightning/uiRecordApi"},"type":"method","static":{"recordId":{"value":"@salesforce/user/Id","type":"module"},"fields":{"type":"unresolved","value":"array_expression"}},"params":{}},{"name":"usersview","adapter":{"name":"fetchUsers","reference":"@salesforce/apex/paypalDataController.fetchUsers"},"type":"method"}]},{"type":"track","targets":[{"name":"usercolumns","type":"property"},{"name":"usersList","type":"property"},{"name":"inpName","type":"property"},{"name":"inpEmail","type":"property"},{"name":"inpPhone","type":"property"},{"name":"inpFlagsx","type":"property"},{"name":"showAdminView","type":"property"},{"name":"showUserView","type":"property"},{"name":"inpPhone","type":"property"},{"name":"isModalOpen","type":"property"},{"name":"showEditModal","type":"property"}]}],"declarationLoc":{"start":{"line":14,"column":0},"end":{"line":314,"column":1}},"classMembers":[{"type":"property","name":"userId","loc":{"start":{"line":18,"column":4},"end":{"line":18,"column":16}}},{"type":"property","name":"name","loc":{"start":{"line":19,"column":4},"end":{"line":19,"column":9}}},{"type":"property","name":"email","loc":{"start":{"line":20,"column":4},"end":{"line":20,"column":10}}},{"type":"property","name":"error","loc":{"start":{"line":21,"column":4},"end":{"line":21,"column":10}}},{"type":"method","name":"userDetails","loc":{"start":{"line":22,"column":4},"end":{"line":30,"column":5}},"decorator":"wire"},{"type":"property","name":"usercolumns","loc":{"start":{"line":34,"column":4},"end":{"line":71,"column":6}},"decorator":"track"},{"type":"property","name":"usersList","loc":{"start":{"line":74,"column":4},"end":{"line":74,"column":21}},"decorator":"track"},{"type":"method","name":"usersview","loc":{"start":{"line":75,"column":4},"end":{"line":90,"column":5}},"decorator":"wire"},{"type":"method","name":"connectedCallback","loc":{"start":{"line":95,"column":4},"end":{"line":98,"column":5}}},{"type":"property","name":"inpEmails","loc":{"start":{"line":103,"column":4},"end":{"line":103,"column":24}},"decorator":"api","value":{"type":"string"}},{"type":"property","name":"inpPhones","loc":{"start":{"line":104,"column":4},"end":{"line":104,"column":20}},"decorator":"api","value":{"type":"unresolved"}},{"type":"property","name":"inpFlags","loc":{"start":{"line":105,"column":4},"end":{"line":105,"column":18}},"decorator":"api","value":{"type":"unresolved"}},{"type":"property","name":"inpNames","loc":{"start":{"line":106,"column":4},"end":{"line":106,"column":23}},"decorator":"api","value":{"type":"string"}},{"type":"property","name":"rowId","loc":{"start":{"line":107,"column":4},"end":{"line":107,"column":15}},"decorator":"api","value":{"type":"unresolved"}},{"type":"property","name":"checkUserMark","loc":{"start":{"line":108,"column":4},"end":{"line":108,"column":23}},"decorator":"api","value":{"type":"unresolved"}},{"type":"method","name":"handleRowAction","loc":{"start":{"line":109,"column":4},"end":{"line":121,"column":5}}},{"type":"property","name":"inpName","loc":{"start":{"line":125,"column":4},"end":{"line":125,"column":23}},"decorator":"track"},{"type":"property","name":"inpEmail","loc":{"start":{"line":126,"column":4},"end":{"line":126,"column":24}},"decorator":"track"},{"type":"property","name":"inpPhone","loc":{"start":{"line":127,"column":4},"end":{"line":127,"column":20}},"decorator":"track"},{"type":"property","name":"inpFlagsx","loc":{"start":{"line":128,"column":4},"end":{"line":128,"column":21}},"decorator":"track"},{"type":"method","name":"handleSaveEdit","loc":{"start":{"line":129,"column":0},"end":{"line":173,"column":1}}},{"type":"property","name":"showAdminView","loc":{"start":{"line":194,"column":0},"end":{"line":194,"column":29}},"decorator":"track"},{"type":"property","name":"showUserView","loc":{"start":{"line":195,"column":0},"end":{"line":195,"column":28}},"decorator":"track"},{"type":"method","name":"handleUser","loc":{"start":{"line":196,"column":0},"end":{"line":217,"column":10}}},{"type":"method","name":"handleSignUp","loc":{"start":{"line":223,"column":4},"end":{"line":258,"column":5}}},{"type":"property","name":"isModalOpen","loc":{"start":{"line":283,"column":2},"end":{"line":283,"column":29}},"decorator":"track"},{"type":"method","name":"openModal","loc":{"start":{"line":284,"column":2},"end":{"line":286,"column":3}}},{"type":"method","name":"closeModal","loc":{"start":{"line":287,"column":2},"end":{"line":289,"column":3}}},{"type":"method","name":"submitDetails","loc":{"start":{"line":293,"column":2},"end":{"line":295,"column":3}}},{"type":"property","name":"showEditModal","loc":{"start":{"line":299,"column":4},"end":{"line":299,"column":33}},"decorator":"track"},{"type":"method","name":"openEditModal","loc":{"start":{"line":300,"column":4},"end":{"line":302,"column":5}}},{"type":"method","name":"closeEditModal","loc":{"start":{"line":303,"column":4},"end":{"line":305,"column":5}}},{"type":"method","name":"submitEditDetails","loc":{"start":{"line":309,"column":4},"end":{"line":312,"column":5}}}],"exports":[{"type":"ExportDefaultDeclaration"}]},"updatedAt":"2022-08-08T14:13:48.962Z"},{"_allAttributes":{"publicAttributes":[{"name":"nameofcard","memberType":0,"decorator":0,"location":{"uri":"file:///d%3A/JAVA/PaypalApp/force-app/main/default/lwc/cardObject/cardObject.js","range":{"start":{"line":58,"character":8},"end":{"line":58,"character":24}}},"detail":"LWC custom attribute"},{"name":"cvvofcard","memberType":0,"decorator":0,"location":{"uri":"file:///d%3A/JAVA/PaypalApp/force-app/main/default/lwc/cardObject/cardObject.js","range":{"start":{"line":59,"character":8},"end":{"line":59,"character":23}}},"detail":"LWC custom attribute"},{"name":"expiredcard","memberType":0,"decorator":0,"location":{"uri":"file:///d%3A/JAVA/PaypalApp/force-app/main/default/lwc/cardObject/cardObject.js","range":{"start":{"line":60,"character":8},"end":{"line":60,"character":25}}},"detail":"LWC custom attribute"}],"privateAttributes":[{"name":"cardcolumns","memberType":0,"decorator":1,"location":{"uri":"file:///d%3A/JAVA/PaypalApp/force-app/main/default/lwc/cardObject/cardObject.js","range":{"start":{"line":6,"character":4},"end":{"line":36,"character":6}}},"detail":"LWC custom attribute"},{"name":"card-list","memberType":0,"decorator":1,"location":{"uri":"file:///d%3A/JAVA/PaypalApp/force-app/main/default/lwc/cardObject/cardObject.js","range":{"start":{"line":38,"character":8},"end":{"line":38,"character":24}}},"detail":"LWC custom attribute"},{"name":"is-modal-open","memberType":0,"decorator":1,"location":{"uri":"file:///d%3A/JAVA/PaypalApp/force-app/main/default/lwc/cardObject/cardObject.js","range":{"start":{"line":85,"character":8},"end":{"line":85,"character":35}}},"detail":"LWC custom attribute"}]},"_properties":null,"_methods":[{"type":"method","name":"cards","loc":{"start":{"line":40,"column":8},"end":{"line":56,"column":9}},"decorator":"wire"},{"type":"method","name":"handleRowAction","loc":{"start":{"line":63,"column":8},"end":{"line":75,"column":9}}},{"type":"method","name":"openModal","loc":{"start":{"line":87,"column":8},"end":{"line":89,"column":9}}},{"type":"method","name":"closeModal","loc":{"start":{"line":90,"column":8},"end":{"line":92,"column":9}}},{"type":"method","name":"submitDetails","loc":{"start":{"line":96,"column":8},"end":{"line":98,"column":9}}}],"file":"d:/JAVA/PaypalApp/force-app/main/default/lwc/cardObject/cardObject.js","metadata":{"decorators":[{"type":"api","targets":[{"type":"property","name":"nameofcard","value":{"type":"unresolved"}},{"type":"property","name":"cvvofcard","value":{"type":"unresolved"}},{"type":"property","name":"expiredcard","value":{"type":"unresolved"}}]},{"type":"wire","targets":[{"name":"cards","adapter":{"name":"fetchAllCards","reference":"@salesforce/apex/paypalDataController.fetchAllCards"},"type":"method"}]},{"type":"track","targets":[{"name":"cardcolumns","type":"property"},{"name":"cardList","type":"property"},{"name":"isModalOpen","type":"property"}]}],"declarationLoc":{"start":{"line":6,"column":0},"end":{"line":102,"column":1}},"classMembers":[{"type":"property","name":"cardcolumns","loc":{"start":{"line":7,"column":4},"end":{"line":37,"column":6}},"decorator":"track"},{"type":"property","name":"cardList","loc":{"start":{"line":39,"column":8},"end":{"line":39,"column":24}},"decorator":"track"},{"type":"method","name":"cards","loc":{"start":{"line":40,"column":8},"end":{"line":56,"column":9}},"decorator":"wire"},{"type":"property","name":"nameofcard","loc":{"start":{"line":59,"column":8},"end":{"line":59,"column":24}},"decorator":"api","value":{"type":"unresolved"}},{"type":"property","name":"cvvofcard","loc":{"start":{"line":60,"column":8},"end":{"line":60,"column":23}},"decorator":"api","value":{"type":"unresolved"}},{"type":"property","name":"expiredcard","loc":{"start":{"line":61,"column":8},"end":{"line":61,"column":25}},"decorator":"api","value":{"type":"unresolved"}},{"type":"method","name":"handleRowAction","loc":{"start":{"line":63,"column":8},"end":{"line":75,"column":9}}},{"type":"property","name":"isModalOpen","loc":{"start":{"line":86,"column":8},"end":{"line":86,"column":35}},"decorator":"track"},{"type":"method","name":"openModal","loc":{"start":{"line":87,"column":8},"end":{"line":89,"column":9}}},{"type":"method","name":"closeModal","loc":{"start":{"line":90,"column":8},"end":{"line":92,"column":9}}},{"type":"method","name":"submitDetails","loc":{"start":{"line":96,"column":8},"end":{"line":98,"column":9}}}],"exports":[{"type":"ExportDefaultDeclaration"}]},"updatedAt":"2022-08-07T01:25:13.800Z"},{"_allAttributes":{"publicAttributes":[],"privateAttributes":[{"name":"l_-all_-types","memberType":0,"decorator":1,"location":{"uri":"file:///d%3A/JAVA/PaypalApp/force-app/main/default/lwc/tryEmail/tryEmail.js","range":{"start":{"line":7,"character":4},"end":{"line":7,"character":23}}},"detail":"LWC custom attribute"},{"name":"type-options","memberType":0,"decorator":1,"location":{"uri":"file:///d%3A/JAVA/PaypalApp/force-app/main/default/lwc/tryEmail/tryEmail.js","range":{"start":{"line":8,"character":4},"end":{"line":8,"character":23}}},"detail":"LWC custom attribute"},{"name":"selected-option","memberType":0,"decorator":1,"location":{"uri":"file:///d%3A/JAVA/PaypalApp/force-app/main/default/lwc/tryEmail/tryEmail.js","range":{"start":{"line":9,"character":4},"end":{"line":9,"character":26}}},"detail":"LWC custom attribute"}]},"_properties":null,"_methods":[{"type":"method","name":"wireData","loc":{"start":{"line":12,"column":4},"end":{"line":32,"column":5}},"decorator":"wire"},{"type":"method","name":"handleTypeChange","loc":{"start":{"line":35,"column":4},"end":{"line":38,"column":5}}},{"type":"method","name":"generatePDF","loc":{"start":{"line":40,"column":4},"end":{"line":50,"column":5}}},{"type":"method","name":"ShowToast","loc":{"start":{"line":53,"column":4},"end":{"line":61,"column":5}}}],"file":"d:/JAVA/PaypalApp/force-app/main/default/lwc/tryEmail/tryEmail.js","metadata":{"decorators":[{"type":"wire","targets":[{"name":"wireData","adapter":{"name":"fetchRecords","reference":"@salesforce/apex/PDFGenerateCtrl.fetchRecords"},"type":"method","static":{},"params":{}}]},{"type":"track","targets":[{"name":"l_All_Types","type":"property"},{"name":"typeOptions","type":"property"},{"name":"selectedOption","type":"property"}]}],"declarationLoc":{"start":{"line":6,"column":0},"end":{"line":65,"column":1}},"classMembers":[{"type":"property","name":"l_All_Types","loc":{"start":{"line":8,"column":4},"end":{"line":8,"column":23}},"decorator":"track"},{"type":"property","name":"typeOptions","loc":{"start":{"line":9,"column":4},"end":{"line":9,"column":23}},"decorator":"track"},{"type":"property","name":"selectedOption","loc":{"start":{"line":10,"column":4},"end":{"line":10,"column":26}},"decorator":"track"},{"type":"method","name":"wireData","loc":{"start":{"line":12,"column":4},"end":{"line":32,"column":5}},"decorator":"wire"},{"type":"method","name":"handleTypeChange","loc":{"start":{"line":35,"column":4},"end":{"line":38,"column":5}}},{"type":"method","name":"generatePDF","loc":{"start":{"line":40,"column":4},"end":{"line":50,"column":5}}},{"type":"method","name":"ShowToast","loc":{"start":{"line":53,"column":4},"end":{"line":61,"column":5}}}],"exports":[{"type":"ExportDefaultDeclaration"}]},"updatedAt":"2022-08-08T07:01:25.581Z"}]