{
  "status": 0,
  "result": [
    {
      "createdById": "0055i000005JJhSAAW",
      "createdByName": "Pay Pal",
      "createdDate": "2022-08-02T03:40:27.000Z",
      "fileName": "classes/paypalDataController.cls",
      "fullName": "paypalDataController",
      "id": "01p5i00000EbrBQAAZ",
      "lastModifiedById": "0055i000005JJhSAAW",
      "lastModifiedByName": "Pay Pal",
      "lastModifiedDate": "2022-08-10T00:50:34.000Z",
      "manageableState": "unmanaged",
      "type": "ApexClass"
    },
    {
      "createdById": "0055i000005JJhSAAW",
      "createdByName": "Pay Pal",
      "createdDate": "2022-08-08T06:04:48.000Z",
      "fileName": "classes/PDFGenerateCtrl.cls",
      "fullName": "PDFGenerateCtrl",
      "id": "01p5i00000G0a4lAAB",
      "lastModifiedById": "0055i000005JJhSAAW",
      "lastModifiedByName": "Pay Pal",
      "lastModifiedDate": "2022-08-09T17:41:34.000Z",
      "manageableState": "unmanaged",
      "type": "ApexClass"
    },
    {
      "createdById": "0055i000005JJhSAAW",
      "createdByName": "Pay Pal",
      "createdDate": "2022-08-06T06:45:52.000Z",
      "fileName": "classes/ChangeBillOwner.cls",
      "fullName": "ChangeBillOwner",
      "id": "01p5i00000G02XIAAZ",
      "lastModifiedById": "0055i000005JJhSAAW",
      "lastModifiedByName": "Pay Pal",
      "lastModifiedDate": "2022-08-06T06:45:52.000Z",
      "manageableState": "unmanaged",
      "type": "ApexClass"
    },
    {
      "createdById": "0055i000005JJhSAAW",
      "createdByName": "Pay Pal",
      "createdDate": "2022-08-02T15:14:06.000Z",
      "fileName": "classes/BillTriggerHandler.cls",
      "fullName": "BillTriggerHandler",
      "id": "01p5i00000EcGNeAAN",
      "lastModifiedById": "0055i000005JJhSAAW",
      "lastModifiedByName": "Pay Pal",
      "lastModifiedDate": "2022-08-06T22:39:15.000Z",
      "manageableState": "unmanaged",
      "type": "ApexClass"
    },
    {
      "createdById": "0055i000005JJhSAAW",
      "createdByName": "Pay Pal",
      "createdDate": "2022-08-07T15:57:15.000Z",
      "fileName": "classes/paypalDataControllerTest.cls",
      "fullName": "paypalDataControllerTest",
      "id": "01p5i00000G0KUWAA3",
      "lastModifiedById": "0055i000005JJhSAAW",
      "lastModifiedByName": "Pay Pal",
      "lastModifiedDate": "2022-08-10T00:28:14.000Z",
      "manageableState": "unmanaged",
      "type": "ApexClass"
    }
  ]
}