{
  "status": 0,
  "result": [
    {
      "createdById": "0055i0000053ENyAAM",
      "createdByName": "Cmc study",
      "createdDate": "2022-07-29T04:44:21.000Z",
      "fileName": "classes/DataCarController.cls",
      "fullName": "DataCarController",
      "id": "01p5i00000Diz44AAB",
      "lastModifiedById": "0055i0000053ENyAAM",
      "lastModifiedByName": "Cmc study",
      "lastModifiedDate": "2022-08-07T12:22:59.000Z",
      "manageableState": "unmanaged",
      "type": "ApexClass"
    },
    {
      "createdById": "0055i0000053ENyAAM",
      "createdByName": "Cmc study",
      "createdDate": "2022-07-27T13:15:30.000Z",
      "fileName": "classes/checkWho.cls",
      "fullName": "checkWho",
      "id": "01p5i00000DiQRhAAN",
      "lastModifiedById": "0055i0000053ENyAAM",
      "lastModifiedByName": "Cmc study",
      "lastModifiedDate": "2022-07-30T14:57:07.000Z",
      "manageableState": "unmanaged",
      "type": "ApexClass"
    },
    {
      "createdById": "0055i0000053ENyAAM",
      "createdByName": "Cmc study",
      "createdDate": "2022-07-31T02:32:32.000Z",
      "fileName": "classes/LWCExampleController.cls",
      "fullName": "LWCExampleController",
      "id": "01p5i00000DjSTzAAN",
      "lastModifiedById": "0055i0000053ENyAAM",
      "lastModifiedByName": "Cmc study",
      "lastModifiedDate": "2022-07-31T03:58:07.000Z",
      "manageableState": "unmanaged",
      "type": "ApexClass"
    },
    {
      "createdById": "0055i0000053ENyAAM",
      "createdByName": "Cmc study",
      "createdDate": "2022-07-27T12:24:34.000Z",
      "fileName": "classes/checkUser.cls",
      "fullName": "checkUser",
      "id": "01p5i00000DiPzZAAV",
      "lastModifiedById": "0055i0000053ENyAAM",
      "lastModifiedByName": "Cmc study",
      "lastModifiedDate": "2022-07-27T13:14:30.000Z",
      "manageableState": "unmanaged",
      "type": "ApexClass"
    },
    {
      "createdById": "0055i0000053ENyAAM",
      "createdByName": "Cmc study",
      "createdDate": "2022-07-31T03:32:53.000Z",
      "fileName": "classes/CarDataController.cls",
      "fullName": "CarDataController",
      "id": "01p5i00000DjSucAAF",
      "lastModifiedById": "0055i0000053ENyAAM",
      "lastModifiedByName": "Cmc study",
      "lastModifiedDate": "2022-07-31T03:32:53.000Z",
      "manageableState": "unmanaged",
      "type": "ApexClass"
    }
  ]
}