[{"_allAttributes":null,"_properties":null,"_methods":null,"file":"d:/JAVA/PaypalApp/force-app/main/default/lwc/paypalApp/paypalApp.js","metadata":{"decorators":[{"type":"api","targets":[{"type":"property","name":"getaccid","value":{"type":"unresolved"}},{"type":"property","name":"getaccBalance","value":{"type":"unresolved"}},{"type":"property","name":"datetime","value":{"type":"unresolved"}},{"type":"property","name":"getaccName","value":{"type":"unresolved"}},{"type":"property","name":"getWalletUserid","value":{"type":"unresolved"}},{"type":"property","name":"sendUser","value":{"type":"unresolved"}},{"type":"property","name":"sendName","value":{"type":"unresolved"}}]},{"type":"wire","targets":[{"name":"wiredwallet","adapter":{"name":"fetchWallet","reference":"@salesforce/apex/paypalDataController.fetchWallet"},"type":"method"}]},{"type":"track","targets":[{"name":"showAdminView","type":"property"},{"name":"showUserView","type":"property"},{"name":"walletcolumns","type":"property"},{"name":"wallet2columns","type":"property"},{"name":"error","type":"property"},{"name":"walletList","type":"property"},{"name":"showSeeBalance","type":"property"},{"name":"users","type":"property"},{"name":"moneytosend","type":"property"},{"name":"showEditModal","type":"property"},{"name":"getaccBalances","type":"property"},{"name":"getaccName","type":"property"},{"name":"showLoad","type":"property"},{"name":"isModalOpen","type":"property"}]}],"declarationLoc":{"start":{"line":14,"column":0},"end":{"line":425,"column":1}},"classMembers":[{"type":"property","name":"showAdminView","loc":{"start":{"line":37,"column":0},"end":{"line":37,"column":29}},"decorator":"track"},{"type":"property","name":"showUserView","loc":{"start":{"line":38,"column":0},"end":{"line":38,"column":28}},"decorator":"track"},{"type":"method","name":"handleUser","loc":{"start":{"line":39,"column":0},"end":{"line":60,"column":10}}},{"type":"method","name":"connectedCallback","loc":{"start":{"line":64,"column":0},"end":{"line":70,"column":1}}},{"type":"property","name":"walletcolumns","loc":{"start":{"line":82,"column":4},"end":{"line":94,"column":10}},"decorator":"track"},{"type":"property","name":"wallet2columns","loc":{"start":{"line":96,"column":8},"end":{"line":118,"column":14}},"decorator":"track"},{"type":"property","name":"error","loc":{"start":{"line":122,"column":8},"end":{"line":122,"column":21}},"decorator":"track"},{"type":"property","name":"walletList","loc":{"start":{"line":123,"column":8},"end":{"line":123,"column":26}},"decorator":"track"},{"type":"method","name":"wiredwallet","loc":{"start":{"line":124,"column":8},"end":{"line":140,"column":9}},"decorator":"wire"},{"type":"property","name":"getaccid","loc":{"start":{"line":143,"column":9},"end":{"line":143,"column":23}},"decorator":"api","value":{"type":"unresolved"}},{"type":"property","name":"getaccBalance","loc":{"start":{"line":144,"column":9},"end":{"line":144,"column":28}},"decorator":"api","value":{"type":"unresolved"}},{"type":"property","name":"datetime","loc":{"start":{"line":145,"column":9},"end":{"line":145,"column":23}},"decorator":"api","value":{"type":"unresolved"}},{"type":"property","name":"getaccName","loc":{"start":{"line":146,"column":9},"end":{"line":146,"column":25}},"decorator":"api","value":{"type":"unresolved"}},{"type":"property","name":"getWalletUserid","loc":{"start":{"line":147,"column":9},"end":{"line":147,"column":30}},"decorator":"api","value":{"type":"unresolved"}},{"type":"property","name":"showSeeBalance","loc":{"start":{"line":149,"column":9},"end":{"line":149,"column":39}},"decorator":"track"},{"type":"method","name":"getSelectedName","loc":{"start":{"line":150,"column":8},"end":{"line":168,"column":9}}},{"type":"property","name":"searchKey","loc":{"start":{"line":175,"column":4},"end":{"line":175,"column":14}}},{"type":"property","name":"users","loc":{"start":{"line":176,"column":3},"end":{"line":176,"column":16}},"decorator":"track"},{"type":"method","name":"handelSearchKey","loc":{"start":{"line":178,"column":4},"end":{"line":180,"column":5}}},{"type":"method","name":"SearchAccountHandler","loc":{"start":{"line":183,"column":4},"end":{"line":193,"column":5}}},{"type":"property","name":"cols","loc":{"start":{"line":194,"column":4},"end":{"line":199,"column":5}}},{"type":"property","name":"sendUser","loc":{"start":{"line":204,"column":4},"end":{"line":204,"column":18}},"decorator":"api","value":{"type":"unresolved"}},{"type":"property","name":"sendName","loc":{"start":{"line":205,"column":4},"end":{"line":205,"column":18}},"decorator":"api","value":{"type":"unresolved"}},{"type":"property","name":"handleRowSelection","loc":{"start":{"line":206,"column":4},"end":{"line":233,"column":1}}},{"type":"property","name":"moneytosend","loc":{"start":{"line":238,"column":8},"end":{"line":238,"column":27}},"decorator":"track"},{"type":"method","name":"detectSameInfo","loc":{"start":{"line":241,"column":8},"end":{"line":276,"column":6}}},{"type":"property","name":"showEditModal","loc":{"start":{"line":282,"column":9},"end":{"line":282,"column":38}},"decorator":"track"},{"type":"method","name":"openEditModal","loc":{"start":{"line":283,"column":9},"end":{"line":285,"column":10}}},{"type":"method","name":"closeEditModal","loc":{"start":{"line":286,"column":9},"end":{"line":288,"column":10}}},{"type":"method","name":"submitEditDetails","loc":{"start":{"line":289,"column":9},"end":{"line":292,"column":10}}},{"type":"method","name":"showToast","loc":{"start":{"line":297,"column":8},"end":{"line":306,"column":9}}},{"type":"method","name":"showToastError","loc":{"start":{"line":308,"column":8},"end":{"line":316,"column":9}}},{"type":"method","name":"LoadWallet","loc":{"start":{"line":323,"column":0},"end":{"line":343,"column":1}}},{"type":"property","name":"getaccBalances","loc":{"start":{"line":345,"column":0},"end":{"line":345,"column":25}},"decorator":"track"},{"type":"method","name":"LoadWalletNow","loc":{"start":{"line":348,"column":0},"end":{"line":375,"column":1}}},{"type":"property","name":"showLoad","loc":{"start":{"line":379,"column":4},"end":{"line":379,"column":28}},"decorator":"track"},{"type":"method","name":"openModalForLoadWallet","loc":{"start":{"line":380,"column":4},"end":{"line":382,"column":5}}},{"type":"method","name":"closeModalLoad","loc":{"start":{"line":383,"column":4},"end":{"line":385,"column":5}}},{"type":"method","name":"submitDetails","loc":{"start":{"line":386,"column":4},"end":{"line":389,"column":5}}},{"type":"property","name":"isModalOpen","loc":{"start":{"line":394,"column":4},"end":{"line":394,"column":31}},"decorator":"track"},{"type":"method","name":"openModal","loc":{"start":{"line":395,"column":4},"end":{"line":397,"column":5}}},{"type":"method","name":"closeModal","loc":{"start":{"line":398,"column":4},"end":{"line":400,"column":5}}},{"type":"property","name":"showPals","loc":{"start":{"line":410,"column":4},"end":{"line":410,"column":21}}},{"type":"method","name":"sendMoney","loc":{"start":{"line":412,"column":4},"end":{"line":420,"column":5}}}],"exports":[{"type":"ExportDefaultDeclaration"}]},"updatedAt":"2022-08-09T17:41:00.187Z"},{"_allAttributes":null,"_properties":null,"_methods":null,"file":"d:/JAVA/PaypalApp/force-app/main/default/lwc/billObject/billObject.js","metadata":{"decorators":[{"type":"api","targets":[{"type":"property","name":"recordBillId","value":{"type":"unresolved"}},{"type":"property","name":"recordBillName","value":{"type":"unresolved"}},{"type":"property","name":"amountoPay","value":{"type":"unresolved"}},{"type":"property","name":"recordBillDiscount","value":{"type":"unresolved"}},{"type":"property","name":"recordUserId","value":{"type":"unresolved"}},{"type":"property","name":"recordFOrUSerId","value":{"type":"unresolved"}},{"type":"property","name":"rowId","value":{"type":"unresolved"}},{"type":"property","name":"getaccBalance","value":{"type":"unresolved"}}]},{"type":"wire","targets":[{"name":"bills","adapter":{"name":"fetchBill","reference":"@salesforce/apex/paypalDataController.fetchBill"},"type":"method"},{"name":"wiredwallet","adapter":{"name":"fetchWallet","reference":"@salesforce/apex/paypalDataController.fetchWallet"},"type":"method"}]},{"type":"track","targets":[{"name":"billcolumns","type":"property"},{"name":"billsList","type":"property"},{"name":"error","type":"property"},{"name":"walletList","type":"property"},{"name":"payment","type":"property"},{"name":"amountoPay","type":"property"},{"name":"isModalOpen","type":"property"},{"name":"showAdminView","type":"property"},{"name":"showUserView","type":"property"}]}],"exports":[{"type":"ExportDefaultDeclaration"}]},"updatedAt":"2022-08-09T05:05:39.650Z"},{"_allAttributes":null,"_properties":null,"_methods":null,"file":"d:/JAVA/PaypalApp/force-app/main/default/lwc/passbookObject/passbookObject.js","metadata":{"decorators":[{"type":"api","targets":[{"type":"property","name":"recordPayId","value":{"type":"unresolved"}},{"type":"property","name":"recordPayName","value":{"type":"unresolved"}},{"type":"property","name":"recordUserName","value":{"type":"unresolved"}},{"type":"property","name":"recordPayAmount","value":{"type":"unresolved"}},{"type":"property","name":"recordPayEmail","value":{"type":"unresolved"}}]},{"type":"wire","targets":[{"name":"passbooks","adapter":{"name":"fetchAllPassbooks","reference":"@salesforce/apex/paypalDataController.fetchAllPassbooks"},"type":"method"}]},{"type":"track","targets":[{"name":"passbookcolumns","type":"property"},{"name":"passbookList","type":"property"},{"name":"isModalOpen","type":"property"},{"name":"showAdminView","type":"property"},{"name":"showUserView","type":"property"}]}],"declarationLoc":{"start":{"line":10,"column":0},"end":{"line":185,"column":1}},"classMembers":[{"type":"property","name":"passbookcolumns","loc":{"start":{"line":11,"column":4},"end":{"line":48,"column":6}},"decorator":"track"},{"type":"property","name":"passbookList","loc":{"start":{"line":51,"column":0},"end":{"line":51,"column":20}},"decorator":"track"},{"type":"method","name":"passbooks","loc":{"start":{"line":52,"column":0},"end":{"line":67,"column":1}},"decorator":"wire"},{"type":"property","name":"recordPayId","loc":{"start":{"line":70,"column":8},"end":{"line":70,"column":25}},"decorator":"api","value":{"type":"unresolved"}},{"type":"property","name":"recordPayName","loc":{"start":{"line":71,"column":8},"end":{"line":71,"column":27}},"decorator":"api","value":{"type":"unresolved"}},{"type":"property","name":"recordUserName","loc":{"start":{"line":72,"column":8},"end":{"line":72,"column":28}},"decorator":"api","value":{"type":"unresolved"}},{"type":"property","name":"recordPayAmount","loc":{"start":{"line":73,"column":8},"end":{"line":73,"column":29}},"decorator":"api","value":{"type":"unresolved"}},{"type":"property","name":"recordPayEmail","loc":{"start":{"line":74,"column":8},"end":{"line":74,"column":28}},"decorator":"api","value":{"type":"unresolved"}},{"type":"method","name":"handleRowAction","loc":{"start":{"line":75,"column":8},"end":{"line":84,"column":9}}},{"type":"property","name":"isModalOpen","loc":{"start":{"line":90,"column":4},"end":{"line":90,"column":31}},"decorator":"track"},{"type":"method","name":"openModal","loc":{"start":{"line":91,"column":4},"end":{"line":93,"column":5}}},{"type":"method","name":"closeModal","loc":{"start":{"line":94,"column":4},"end":{"line":96,"column":5}}},{"type":"method","name":"submitDetails","loc":{"start":{"line":100,"column":4},"end":{"line":103,"column":5}}},{"type":"method","name":"renderedCallback","loc":{"start":{"line":108,"column":4},"end":{"line":112,"column":5}}},{"type":"method","name":"createPdf","loc":{"start":{"line":114,"column":4},"end":{"line":143,"column":7}}},{"type":"method","name":"saveByteArray","loc":{"start":{"line":144,"column":6},"end":{"line":151,"column":7}}},{"type":"property","name":"showAdminView","loc":{"start":{"line":155,"column":0},"end":{"line":155,"column":29}},"decorator":"track"},{"type":"property","name":"showUserView","loc":{"start":{"line":156,"column":0},"end":{"line":156,"column":28}},"decorator":"track"},{"type":"method","name":"handleUser","loc":{"start":{"line":157,"column":0},"end":{"line":178,"column":10}}},{"type":"method","name":"connectedCallback","loc":{"start":{"line":181,"column":0},"end":{"line":183,"column":1}}}],"exports":[{"type":"ExportDefaultDeclaration"}]},"updatedAt":"2022-08-08T06:55:24.033Z"},{"_allAttributes":null,"_properties":null,"_methods":null,"file":"d:/JAVA/PaypalApp/force-app/main/default/lwc/userObject/userObject.js","metadata":{"decorators":[{"type":"api","targets":[{"type":"property","name":"inpEmails","value":{"type":"string"}},{"type":"property","name":"inpPhones","value":{"type":"unresolved"}},{"type":"property","name":"inpFlags","value":{"type":"unresolved"}},{"type":"property","name":"inpNames","value":{"type":"string"}},{"type":"property","name":"rowId","value":{"type":"unresolved"}},{"type":"property","name":"checkUserMark","value":{"type":"unresolved"}}]},{"type":"wire","targets":[{"name":"userDetails","adapter":{"name":"getRecord","reference":"lightning/uiRecordApi"},"type":"method","static":{"recordId":{"value":"@salesforce/user/Id","type":"module"},"fields":{"type":"unresolved","value":"array_expression"}},"params":{}},{"name":"usersview","adapter":{"name":"fetchUsers","reference":"@salesforce/apex/paypalDataController.fetchUsers"},"type":"method"}]},{"type":"track","targets":[{"name":"usercolumns","type":"property"},{"name":"usersList","type":"property"},{"name":"inpName","type":"property"},{"name":"inpEmail","type":"property"},{"name":"inpPhone","type":"property"},{"name":"inpFlagsx","type":"property"},{"name":"showAdminView","type":"property"},{"name":"showUserView","type":"property"},{"name":"inpPhone","type":"property"},{"name":"isModalOpen","type":"property"},{"name":"showEditModal","type":"property"}]}],"declarationLoc":{"start":{"line":14,"column":0},"end":{"line":314,"column":1}},"classMembers":[{"type":"property","name":"userId","loc":{"start":{"line":18,"column":4},"end":{"line":18,"column":16}}},{"type":"property","name":"name","loc":{"start":{"line":19,"column":4},"end":{"line":19,"column":9}}},{"type":"property","name":"email","loc":{"start":{"line":20,"column":4},"end":{"line":20,"column":10}}},{"type":"property","name":"error","loc":{"start":{"line":21,"column":4},"end":{"line":21,"column":10}}},{"type":"method","name":"userDetails","loc":{"start":{"line":22,"column":4},"end":{"line":30,"column":5}},"decorator":"wire"},{"type":"property","name":"usercolumns","loc":{"start":{"line":34,"column":4},"end":{"line":71,"column":6}},"decorator":"track"},{"type":"property","name":"usersList","loc":{"start":{"line":74,"column":4},"end":{"line":74,"column":21}},"decorator":"track"},{"type":"method","name":"usersview","loc":{"start":{"line":75,"column":4},"end":{"line":90,"column":5}},"decorator":"wire"},{"type":"method","name":"connectedCallback","loc":{"start":{"line":95,"column":4},"end":{"line":98,"column":5}}},{"type":"property","name":"inpEmails","loc":{"start":{"line":103,"column":4},"end":{"line":103,"column":24}},"decorator":"api","value":{"type":"string"}},{"type":"property","name":"inpPhones","loc":{"start":{"line":104,"column":4},"end":{"line":104,"column":20}},"decorator":"api","value":{"type":"unresolved"}},{"type":"property","name":"inpFlags","loc":{"start":{"line":105,"column":4},"end":{"line":105,"column":18}},"decorator":"api","value":{"type":"unresolved"}},{"type":"property","name":"inpNames","loc":{"start":{"line":106,"column":4},"end":{"line":106,"column":23}},"decorator":"api","value":{"type":"string"}},{"type":"property","name":"rowId","loc":{"start":{"line":107,"column":4},"end":{"line":107,"column":15}},"decorator":"api","value":{"type":"unresolved"}},{"type":"property","name":"checkUserMark","loc":{"start":{"line":108,"column":4},"end":{"line":108,"column":23}},"decorator":"api","value":{"type":"unresolved"}},{"type":"method","name":"handleRowAction","loc":{"start":{"line":109,"column":4},"end":{"line":121,"column":5}}},{"type":"property","name":"inpName","loc":{"start":{"line":125,"column":4},"end":{"line":125,"column":23}},"decorator":"track"},{"type":"property","name":"inpEmail","loc":{"start":{"line":126,"column":4},"end":{"line":126,"column":24}},"decorator":"track"},{"type":"property","name":"inpPhone","loc":{"start":{"line":127,"column":4},"end":{"line":127,"column":20}},"decorator":"track"},{"type":"property","name":"inpFlagsx","loc":{"start":{"line":128,"column":4},"end":{"line":128,"column":21}},"decorator":"track"},{"type":"method","name":"handleSaveEdit","loc":{"start":{"line":129,"column":0},"end":{"line":173,"column":1}}},{"type":"property","name":"showAdminView","loc":{"start":{"line":194,"column":0},"end":{"line":194,"column":29}},"decorator":"track"},{"type":"property","name":"showUserView","loc":{"start":{"line":195,"column":0},"end":{"line":195,"column":28}},"decorator":"track"},{"type":"method","name":"handleUser","loc":{"start":{"line":196,"column":0},"end":{"line":217,"column":10}}},{"type":"method","name":"handleSignUp","loc":{"start":{"line":223,"column":4},"end":{"line":258,"column":5}}},{"type":"property","name":"isModalOpen","loc":{"start":{"line":283,"column":2},"end":{"line":283,"column":29}},"decorator":"track"},{"type":"method","name":"openModal","loc":{"start":{"line":284,"column":2},"end":{"line":286,"column":3}}},{"type":"method","name":"closeModal","loc":{"start":{"line":287,"column":2},"end":{"line":289,"column":3}}},{"type":"method","name":"submitDetails","loc":{"start":{"line":293,"column":2},"end":{"line":295,"column":3}}},{"type":"property","name":"showEditModal","loc":{"start":{"line":299,"column":4},"end":{"line":299,"column":33}},"decorator":"track"},{"type":"method","name":"openEditModal","loc":{"start":{"line":300,"column":4},"end":{"line":302,"column":5}}},{"type":"method","name":"closeEditModal","loc":{"start":{"line":303,"column":4},"end":{"line":305,"column":5}}},{"type":"method","name":"submitEditDetails","loc":{"start":{"line":309,"column":4},"end":{"line":312,"column":5}}}],"exports":[{"type":"ExportDefaultDeclaration"}]},"updatedAt":"2022-08-09T10:43:26.425Z"},{"_allAttributes":null,"_properties":null,"_methods":null,"file":"d:/JAVA/PaypalApp/force-app/main/default/lwc/cardObject/cardObject.js","metadata":{"decorators":[{"type":"api","targets":[{"type":"property","name":"nameofcard","value":{"type":"unresolved"}},{"type":"property","name":"cvvofcard","value":{"type":"unresolved"}},{"type":"property","name":"expiredcard","value":{"type":"unresolved"}}]},{"type":"wire","targets":[{"name":"cards","adapter":{"name":"fetchAllCards","reference":"@salesforce/apex/paypalDataController.fetchAllCards"},"type":"method"}]},{"type":"track","targets":[{"name":"cardcolumns","type":"property"},{"name":"cardList","type":"property"},{"name":"isModalOpen","type":"property"}]}],"declarationLoc":{"start":{"line":6,"column":0},"end":{"line":102,"column":1}},"classMembers":[{"type":"property","name":"cardcolumns","loc":{"start":{"line":7,"column":4},"end":{"line":37,"column":6}},"decorator":"track"},{"type":"property","name":"cardList","loc":{"start":{"line":39,"column":8},"end":{"line":39,"column":24}},"decorator":"track"},{"type":"method","name":"cards","loc":{"start":{"line":40,"column":8},"end":{"line":56,"column":9}},"decorator":"wire"},{"type":"property","name":"nameofcard","loc":{"start":{"line":59,"column":8},"end":{"line":59,"column":24}},"decorator":"api","value":{"type":"unresolved"}},{"type":"property","name":"cvvofcard","loc":{"start":{"line":60,"column":8},"end":{"line":60,"column":23}},"decorator":"api","value":{"type":"unresolved"}},{"type":"property","name":"expiredcard","loc":{"start":{"line":61,"column":8},"end":{"line":61,"column":25}},"decorator":"api","value":{"type":"unresolved"}},{"type":"method","name":"handleRowAction","loc":{"start":{"line":63,"column":8},"end":{"line":75,"column":9}}},{"type":"property","name":"isModalOpen","loc":{"start":{"line":86,"column":8},"end":{"line":86,"column":35}},"decorator":"track"},{"type":"method","name":"openModal","loc":{"start":{"line":87,"column":8},"end":{"line":89,"column":9}}},{"type":"method","name":"closeModal","loc":{"start":{"line":90,"column":8},"end":{"line":92,"column":9}}},{"type":"method","name":"submitDetails","loc":{"start":{"line":96,"column":8},"end":{"line":98,"column":9}}}],"exports":[{"type":"ExportDefaultDeclaration"}]},"updatedAt":"2022-08-07T01:25:13.800Z"}]