[{"_allAttributes":null,"_properties":null,"_methods":null,"file":"d:/JAVA/CAR/force-app/main/default/lwc/cAR/cAR.js","metadata":{"decorators":[{"type":"wire","targets":[{"name":"carData","adapter":{"name":"fetchCar","reference":"@salesforce/apex/DataCarController.fetchCar"},"type":"method"},{"name":"carmodelRecords","adapter":{"name":"getCarModel","reference":"@salesforce/apex/DataCarController.fetchCarModel"},"type":"property"},{"name":"carbookingRecords","adapter":{"name":"getCarBooking","reference":"@salesforce/apex/DataCarController.fetchCarBooking"},"type":"property"},{"name":"leadRecords","adapter":{"name":"getLead","reference":"@salesforce/apex/DataCarController.fetchLead"},"type":"property"},{"name":"CampaignRecords","adapter":{"name":"getCampaigns","reference":"@salesforce/apex/DataCarController.fetchCampaign"},"type":"property"}]},{"type":"track","targets":[{"name":"carRecords","type":"property"},{"name":"showAccount","type":"property"},{"name":"showLead","type":"property"},{"name":"showContacts","type":"property"},{"name":"showOpportunity","type":"property"},{"name":"showCar","type":"property"},{"name":"showCarModel","type":"property"},{"name":"showCarBookng","type":"property"},{"name":"showCampaign","type":"property"},{"name":"isModalOpen","type":"property"}]}],"declarationLoc":{"start":{"line":188,"column":0},"end":{"line":474,"column":1}},"classMembers":[{"type":"property","name":"carcolumns","loc":{"start":{"line":191,"column":0},"end":{"line":191,"column":23}}},{"type":"property","name":"carRecords","loc":{"start":{"line":192,"column":0},"end":{"line":192,"column":18}},"decorator":"track"},{"type":"property","name":"saveDraftValues","loc":{"start":{"line":193,"column":0},"end":{"line":193,"column":21}}},{"type":"method","name":"carData","loc":{"start":{"line":194,"column":0},"end":{"line":202,"column":1}},"decorator":"wire"},{"type":"method","name":"refresh","loc":{"start":{"line":235,"column":0},"end":{"line":237,"column":1}}},{"type":"property","name":"carmodelcolumns","loc":{"start":{"line":239,"column":0},"end":{"line":239,"column":33}}},{"type":"property","name":"carmodelRecords","loc":{"start":{"line":240,"column":0},"end":{"line":241,"column":16}},"decorator":"wire"},{"type":"property","name":"carbookingcolumns","loc":{"start":{"line":243,"column":0},"end":{"line":243,"column":37}}},{"type":"property","name":"carbookingRecords","loc":{"start":{"line":244,"column":0},"end":{"line":245,"column":18}},"decorator":"wire"},{"type":"property","name":"leadscolumns","loc":{"start":{"line":248,"column":0},"end":{"line":248,"column":21}}},{"type":"property","name":"leadRecords","loc":{"start":{"line":249,"column":0},"end":{"line":250,"column":12}},"decorator":"wire"},{"type":"property","name":"campaigncolumns","loc":{"start":{"line":253,"column":0},"end":{"line":253,"column":28}}},{"type":"property","name":"CampaignRecords","loc":{"start":{"line":254,"column":0},"end":{"line":255,"column":16}},"decorator":"wire"},{"type":"property","name":"accountscolumns","loc":{"start":{"line":259,"column":0},"end":{"line":259,"column":27}}},{"type":"property","name":"contactcolumns","loc":{"start":{"line":263,"column":0},"end":{"line":263,"column":26}}},{"type":"property","name":"opportunitiescolumns","loc":{"start":{"line":266,"column":0},"end":{"line":266,"column":37}}},{"type":"property","name":"result","loc":{"start":{"line":267,"column":0},"end":{"line":267,"column":7}}},{"type":"property","name":"error","loc":{"start":{"line":268,"column":0},"end":{"line":268,"column":6}}},{"type":"property","name":"oppResult","loc":{"start":{"line":269,"column":0},"end":{"line":269,"column":10}}},{"type":"method","name":"handleAccountData","loc":{"start":{"line":270,"column":0},"end":{"line":343,"column":1}}},{"type":"property","name":"showAccount","loc":{"start":{"line":348,"column":0},"end":{"line":348,"column":27}},"decorator":"track"},{"type":"property","name":"showLead","loc":{"start":{"line":349,"column":0},"end":{"line":349,"column":24}},"decorator":"track"},{"type":"property","name":"showContacts","loc":{"start":{"line":350,"column":0},"end":{"line":350,"column":28}},"decorator":"track"},{"type":"property","name":"showOpportunity","loc":{"start":{"line":351,"column":0},"end":{"line":351,"column":31}},"decorator":"track"},{"type":"property","name":"showCar","loc":{"start":{"line":352,"column":0},"end":{"line":352,"column":23}},"decorator":"track"},{"type":"property","name":"showCarModel","loc":{"start":{"line":353,"column":0},"end":{"line":353,"column":28}},"decorator":"track"},{"type":"property","name":"showCarBookng","loc":{"start":{"line":354,"column":0},"end":{"line":354,"column":29}},"decorator":"track"},{"type":"property","name":"showCampaign","loc":{"start":{"line":355,"column":0},"end":{"line":355,"column":28}},"decorator":"track"},{"type":"method","name":"handleUser","loc":{"start":{"line":358,"column":0},"end":{"line":415,"column":1}}},{"type":"property","name":"isModalOpen","loc":{"start":{"line":421,"column":4},"end":{"line":421,"column":31}},"decorator":"track"},{"type":"method","name":"openModal","loc":{"start":{"line":422,"column":4},"end":{"line":424,"column":5}}},{"type":"method","name":"closeModal","loc":{"start":{"line":425,"column":4},"end":{"line":427,"column":5}}},{"type":"method","name":"submitDetails","loc":{"start":{"line":431,"column":4},"end":{"line":434,"column":5}}},{"type":"property","name":"getaccId","loc":{"start":{"line":437,"column":2},"end":{"line":437,"column":11}}},{"type":"method","name":"getSelectedName","loc":{"start":{"line":438,"column":4},"end":{"line":446,"column":5}}},{"type":"property","name":"showAcc","loc":{"start":{"line":448,"column":4},"end":{"line":448,"column":20}}},{"type":"method","name":"handleClickId","loc":{"start":{"line":449,"column":4},"end":{"line":455,"column":5}}},{"type":"method","name":"connectedCallback","loc":{"start":{"line":462,"column":0},"end":{"line":465,"column":1}}}],"exports":[{"type":"ExportDefaultDeclaration"}]},"updatedAt":"2022-08-07T05:33:44.221Z"},{"_allAttributes":null,"_properties":null,"_methods":null,"file":"d:/JAVA/CAR/force-app/main/default/lwc/carModelObject/carModelObject.js","metadata":{"decorators":[{"type":"api","targets":[{"type":"property","name":"imageUrl","value":{"type":"unresolved"}},{"type":"property","name":"carName","value":{"type":"unresolved"}},{"type":"property","name":"carPrice","value":{"type":"string"}},{"type":"property","name":"carseat","value":{"type":"string"}},{"type":"property","name":"carColor","value":{"type":"string"}},{"type":"property","name":"carEngine","value":{"type":"string"}}]},{"type":"wire","targets":[{"name":"carsdata","adapter":{"name":"getCarModel","reference":"@salesforce/apex/DataCarController.fetchCarModel"},"type":"method"}]},{"type":"track","targets":[{"name":"colForCarModel","type":"property"},{"name":"carModelList","type":"property"},{"name":"carID","type":"property"},{"name":"imageUrl","type":"property"},{"name":"carName","type":"property"},{"name":"carPrice","type":"property"},{"name":"carseat","type":"property"},{"name":"carColor","type":"property"},{"name":"carEngine","type":"property"},{"name":"isModalOpen","type":"property"}]}],"declarationLoc":{"start":{"line":6,"column":0},"end":{"line":214,"column":1}},"classMembers":[{"type":"property","name":"colForCarModel","loc":{"start":{"line":8,"column":4},"end":{"line":39,"column":6}},"decorator":"track"},{"type":"property","name":"carModelList","loc":{"start":{"line":43,"column":4},"end":{"line":43,"column":24}},"decorator":"track"},{"type":"method","name":"carsdata","loc":{"start":{"line":44,"column":4},"end":{"line":64,"column":5}},"decorator":"wire"},{"type":"property","name":"imageUrl","loc":{"start":{"line":66,"column":4},"end":{"line":66,"column":18}},"decorator":"api","value":{"type":"unresolved"}},{"type":"property","name":"carName","loc":{"start":{"line":67,"column":4},"end":{"line":67,"column":17}},"decorator":"api","value":{"type":"unresolved"}},{"type":"property","name":"carPrice","loc":{"start":{"line":68,"column":4},"end":{"line":68,"column":22}},"decorator":"api","value":{"type":"string"}},{"type":"property","name":"carseat","loc":{"start":{"line":69,"column":4},"end":{"line":69,"column":21}},"decorator":"api","value":{"type":"string"}},{"type":"property","name":"carColor","loc":{"start":{"line":70,"column":4},"end":{"line":70,"column":22}},"decorator":"api","value":{"type":"string"}},{"type":"property","name":"carEngine","loc":{"start":{"line":71,"column":4},"end":{"line":71,"column":24}},"decorator":"api","value":{"type":"string"}},{"type":"method","name":"handleRowAction","loc":{"start":{"line":72,"column":4},"end":{"line":89,"column":5}}},{"type":"property","name":"carID","loc":{"start":{"line":90,"column":4},"end":{"line":90,"column":17}},"decorator":"track"},{"type":"method","name":"handleEdit","loc":{"start":{"line":100,"column":8},"end":{"line":117,"column":9}}},{"type":"method","name":"showToastSuccess","loc":{"start":{"line":119,"column":8},"end":{"line":127,"column":9}}},{"type":"property","name":"isModalOpen","loc":{"start":{"line":130,"column":12},"end":{"line":130,"column":39}},"decorator":"track"},{"type":"method","name":"openModal","loc":{"start":{"line":131,"column":12},"end":{"line":133,"column":13}}},{"type":"method","name":"closeModal","loc":{"start":{"line":134,"column":12},"end":{"line":136,"column":13}}},{"type":"method","name":"submitDetails","loc":{"start":{"line":140,"column":12},"end":{"line":142,"column":13}}},{"type":"property","name":"showAddFeatures","loc":{"start":{"line":148,"column":12},"end":{"line":148,"column":36}}},{"type":"property","name":"showBuyBtn","loc":{"start":{"line":149,"column":12},"end":{"line":149,"column":31}}},{"type":"method","name":"connectedCallback","loc":{"start":{"line":151,"column":12},"end":{"line":156,"column":13}}},{"type":"method","name":"handleUser","loc":{"start":{"line":158,"column":12},"end":{"line":205,"column":13}}}],"exports":[{"type":"ExportDefaultDeclaration"}]},"updatedAt":"2022-08-07T12:22:32.608Z"},{"_allAttributes":null,"_properties":null,"_methods":null,"file":"d:/JAVA/CAR/force-app/main/default/lwc/carObject/carObject.js","metadata":{"decorators":[{"type":"api","targets":[{"type":"property","name":"carName","value":{"type":"string"}},{"type":"property","name":"carPrice","value":{"type":"string"}},{"type":"property","name":"carRowId","value":{"type":"unresolved"}}]},{"type":"wire","targets":[{"name":"carsdata","adapter":{"name":"fetchCar","reference":"@salesforce/apex/DataCarController.fetchCar"},"type":"method"}]},{"type":"track","targets":[{"name":"colForCar","type":"property"},{"name":"carList","type":"property"},{"name":"carName","type":"property"},{"name":"carPrice","type":"property"},{"name":"isModalOpen","type":"property"}]}],"declarationLoc":{"start":{"line":5,"column":0},"end":{"line":115,"column":1}},"classMembers":[{"type":"property","name":"colForCar","loc":{"start":{"line":7,"column":2},"end":{"line":29,"column":6}},"decorator":"track"},{"type":"property","name":"carList","loc":{"start":{"line":34,"column":4},"end":{"line":34,"column":19}},"decorator":"track"},{"type":"method","name":"carsdata","loc":{"start":{"line":35,"column":4},"end":{"line":49,"column":5}},"decorator":"wire"},{"type":"property","name":"carName","loc":{"start":{"line":52,"column":4},"end":{"line":52,"column":22}},"decorator":"api","value":{"type":"string"}},{"type":"property","name":"carPrice","loc":{"start":{"line":53,"column":4},"end":{"line":53,"column":23}},"decorator":"api","value":{"type":"string"}},{"type":"property","name":"carRowId","loc":{"start":{"line":54,"column":4},"end":{"line":54,"column":18}},"decorator":"api","value":{"type":"unresolved"}},{"type":"method","name":"handleRowAction","loc":{"start":{"line":56,"column":8},"end":{"line":64,"column":9}}},{"type":"method","name":"handleSave","loc":{"start":{"line":71,"column":8},"end":{"line":81,"column":9}}},{"type":"method","name":"showToastSuccess","loc":{"start":{"line":84,"column":4},"end":{"line":93,"column":1}}},{"type":"property","name":"isModalOpen","loc":{"start":{"line":99,"column":12},"end":{"line":99,"column":39}},"decorator":"track"},{"type":"method","name":"openModal","loc":{"start":{"line":100,"column":12},"end":{"line":102,"column":13}}},{"type":"method","name":"closeModal","loc":{"start":{"line":103,"column":12},"end":{"line":105,"column":13}}},{"type":"method","name":"submitDetails","loc":{"start":{"line":109,"column":12},"end":{"line":111,"column":13}}}],"exports":[{"type":"ExportDefaultDeclaration"}]},"updatedAt":"2022-08-07T09:46:43.091Z"}]