{
  "status": 0,
  "result": [
    {
      "createdById": "0055i000005JJhSAAW",
      "createdByName": "Pay Pal",
      "createdDate": "2022-08-01T12:45:40.000Z",
      "fileName": "triggers/PaypalFlagTrigger2.trigger",
      "fullName": "PaypalFlagTrigger2",
      "id": "01q5i000000DqkbAAC",
      "lastModifiedById": "0055i000005JJhSAAW",
      "lastModifiedByName": "Pay Pal",
      "lastModifiedDate": "2022-08-01T12:45:40.000Z",
      "manageableState": "unmanaged",
      "type": "ApexTrigger"
    },
    {
      "createdById": "0055i000005JJhSAAW",
      "createdByName": "Pay Pal",
      "createdDate": "2022-08-01T11:11:56.000Z",
      "fileName": "triggers/PaypalFlagTrigger.trigger",
      "fullName": "PaypalFlagTrigger",
      "id": "01q5i000000DqhDAAS",
      "lastModifiedById": "0055i000005JJhSAAW",
      "lastModifiedByName": "Pay Pal",
      "lastModifiedDate": "2022-08-01T14:37:35.000Z",
      "manageableState": "unmanaged",
      "type": "ApexTrigger"
    },
    {
      "createdById": "0055i000005JJhSAAW",
      "createdByName": "Pay Pal",
      "createdDate": "2022-08-02T16:23:25.000Z",
      "fileName": "triggers/SendMoney.trigger",
      "fullName": "SendMoney",
      "id": "01q5i000000Ds3EAAS",
      "lastModifiedById": "0055i000005JJhSAAW",
      "lastModifiedByName": "Pay Pal",
      "lastModifiedDate": "2022-08-02T16:23:25.000Z",
      "manageableState": "unmanaged",
      "type": "ApexTrigger"
    },
    {
      "createdById": "0055i000005JJhSAAW",
      "createdByName": "Pay Pal",
      "createdDate": "2022-08-05T09:47:57.000Z",
      "fileName": "triggers/NewWalletUSer.trigger",
      "fullName": "NewWalletUSer",
      "id": "01q5i000000Dub9AAC",
      "lastModifiedById": "0055i000005JJhSAAW",
      "lastModifiedByName": "Pay Pal",
      "lastModifiedDate": "2022-08-05T10:23:11.000Z",
      "manageableState": "unmanaged",
      "type": "ApexTrigger"
    },
    {
      "createdById": "0055i000005JJhSAAW",
      "createdByName": "Pay Pal",
      "createdDate": "2022-08-01T11:00:47.000Z",
      "fileName": "triggers/FlagTrigger.trigger",
      "fullName": "FlagTrigger",
      "id": "01q5i000000Dqh3AAC",
      "lastModifiedById": "0055i000005JJhSAAW",
      "lastModifiedByName": "Pay Pal",
      "lastModifiedDate": "2022-08-01T11:00:47.000Z",
      "manageableState": "unmanaged",
      "type": "ApexTrigger"
    },
    {
      "createdById": "0055i000005JJhSAAW",
      "createdByName": "Pay Pal",
      "createdDate": "2022-08-02T15:00:16.000Z",
      "fileName": "triggers/DiscountCoupon.trigger",
      "fullName": "DiscountCoupon",
      "id": "01q5i000000Ds2LAAS",
      "lastModifiedById": "0055i000005JJhSAAW",
      "lastModifiedByName": "Pay Pal",
      "lastModifiedDate": "2022-08-02T15:27:24.000Z",
      "manageableState": "unmanaged",
      "type": "ApexTrigger"
    }
  ]
}