{
  "status": 0,
  "result": [
    {
      "createdById": "0055i000005JJhSAAW",
      "createdByName": "Pay Pal",
      "createdDate": "2022-08-02T03:40:27.000Z",
      "fileName": "classes/paypalDataController.cls",
      "fullName": "paypalDataController",
      "id": "01p5i00000EbrBQAAZ",
      "lastModifiedById": "0055i000005JJhSAAW",
      "lastModifiedByName": "Pay Pal",
      "lastModifiedDate": "2022-08-02T03:42:32.000Z",
      "manageableState": "unmanaged",
      "type": "ApexClass"
    },
    {
      "createdById": "0055i000005JJhSAAW",
      "createdByName": "Pay Pal",
      "createdDate": "2022-08-02T15:14:06.000Z",
      "fileName": "classes/BillTriggerHandler.cls",
      "fullName": "BillTriggerHandler",
      "id": "01p5i00000EcGNeAAN",
      "lastModifiedById": "0055i000005JJhSAAW",
      "lastModifiedByName": "Pay Pal",
      "lastModifiedDate": "2022-08-02T15:25:50.000Z",
      "manageableState": "unmanaged",
      "type": "ApexClass"
    }
  ]
}